RING,Date,TRAP,TWIG,BARK,SEED,LEAF ,SCAT ,INSECT 
1,2012-10-09,R1T1,1.34,0.03,0.86,6.96,,
1,2012-10-09,R1T2,0.47,0,0.63,4.45,,
1,2012-10-09,R1T3,6.23,0.06,0.98,7.19,,
1,2012-10-09,R1T4,2.23,0.83,2.1,6.49,,
1,2012-10-09,R1T5,0.12,0.09,1.25,5.98,,
1,2012-10-09,R1T6,,,,,,
1,2012-10-09,R1T7,,,,,,
1,2012-10-09,R1T8,,,,,,
1,2012-10-09,R1TA,,,,,,
2,2012-10-09,R2T1,0.88,0.04,0.31,9.85,,
2,2012-10-09,R2T2,1.51,0.17,0.34,8.38,,
2,2012-10-09,R2T3,0.23,2.02,0.16,9.75,,
2,2012-10-09,R2T4,0.47,0.55,0.15,8.43,,
2,2012-10-09,R2T5,0.62,0.04,0.5,5.94,,
2,2012-10-09,R2T6,,,,,,
2,2012-10-09,R2T7,,,,,,
2,2012-10-09,R2T8,,,,,,
2,2012-10-09,R2TA,,,,,,
3,2012-10-09,R3T1,3.76,2.62,1.14,12.58,,
3,2012-10-09,R3T2,0.08,0.6,0.84,6.72,,
3,2012-10-09,R3T3,0.65,0,0.55,9.8,,
3,2012-10-09,R3T4,0.22,0,0.78,6.72,,
3,2012-10-09,R3T5,0.13,0,0.57,10.69,,
3,2012-10-09,R3T6,,,,,,
3,2012-10-09,R3T7,,,,,,
3,2012-10-09,R3T8,,,,,,
3,2012-10-09,R3TA,,,,,,
4,2012-10-09,R4T1,0.64,0,0.78,7.02,,
4,2012-10-09,R4T2,0.11,0,0.27,7.05,,
4,2012-10-09,R4T3,0.07,0.76,0.99,5.5,,
4,2012-10-09,R4T4,0.74,0.69,0.45,6.87,,
4,2012-10-09,R4T5,0.17,0,1.22,5.04,,
4,2012-10-09,R4T6,,,,,,
4,2012-10-09,R4T7,,,,,,
4,2012-10-09,R4T8,,,,,,
4,2012-10-09,R4TA,,,,,,
5,2012-10-09,R5T1,0.52,0.08,3.17,11.31,,
5,2012-10-09,R5T2,0.03,0,0.96,8.64,,
5,2012-10-09,R5T3,1.93,1.5,1.03,7.5,,
5,2012-10-09,R5T4,0.19,0.18,2.4,10.68,,
5,2012-10-09,R5T5,1,0.13,2.87,4.12,,
5,2012-10-09,R5T6,,,,,,
5,2012-10-09,R5T7,,,,,,
5,2012-10-09,R5T8,,,,,,
5,2012-10-09,R5TA,,,,,,
6,2012-10-09,R6T1,0.81,0,1.31,11.11,,
6,2012-10-09,R6T2,2.2,0,0.51,7.81,,
6,2012-10-09,R6T3,0.21,0.09,0.63,8.75,,
6,2012-10-09,R6T4,0.18,0.18,2.15,9.44,,
6,2012-10-09,R6T5,0.16,1.45,0.29,10.23,,
6,2012-10-09,R6T6,,,,,,
6,2012-10-09,R6T7,,,,,,
6,2012-10-09,R6T8,,,,,,
6,2012-10-09,R6TA,,,,,,
1,2012-11-13,R1T1,8.69,0,1.36,15.42,,
1,2012-11-13,R1T2,1.7,0,1.06,8.67,,
1,2012-11-13,R1T3,0.48,0.05,1.02,9.56,,
1,2012-11-13,R1T4,32.54,15.36,1,11.52,,
1,2012-11-13,R1T5,2.05,0,0.96,9.9,,
1,2012-11-13,R1T6,0.36,0,0.43,3.86,,
1,2012-11-13,R1T7,0.1,0,0.06,5.71,,
1,2012-11-13,R1T8,0.41,0,0,4.48,,
1,2012-11-13,R1TA,,,,,,
2,2012-11-13,R2T1,3.85,0.23,0.66,8.57,,
2,2012-11-13,R2T2,2.31,0.07,0.48,11.41,,
2,2012-11-13,R2T3,1.58,0.03,1.01,11.91,,
2,2012-11-13,R2T4,0.82,0.12,0,9.22,,
2,2012-11-13,R2T5,2.98,0.14,1.34,12.3,,
2,2012-11-13,R2T6,0.52,0.01,1.3,7.91,,
2,2012-11-13,R2T7,0.15,0.04,0.55,5.27,,
2,2012-11-13,R2T8,0.61,0,0.18,6.94,,
2,2012-11-13,R2TA,,,,,,
3,2012-11-13,R3T1,7.54,0.07,1.3,13.12,,
3,2012-11-13,R3T2,1.43,0.33,1.4,13.2,,
3,2012-11-13,R3T3,2.93,1.24,1.73,15.08,,
3,2012-11-13,R3T4,3.43,4.43,1.29,14.02,,
3,2012-11-13,R3T5,3.54,0.41,1.2,16.57,,
3,2012-11-13,R3T6,1.5,0,0.67,11.46,,
3,2012-11-13,R3T7,0.72,0,1,9.75,,
3,2012-11-13,R3T8,0.37,0.07,0.38,6.54,,
3,2012-11-13,R3TA,,,,,,
4,2012-11-13,R4T1,1.75,0,1.06,10.7,,
4,2012-11-13,R4T2,0.52,0,0.31,11.88,,
4,2012-11-13,R4T3,0.25,0.02,0.84,10.25,,
4,2012-11-13,R4T4,0.22,1.62,0.35,11.32,,
4,2012-11-13,R4T5,0.03,0.01,0.31,9.6,,
4,2012-11-13,R4T6,3.75,0,2.99,11.69,,
4,2012-11-13,R4T7,3.06,0,0.19,13.79,,
4,2012-11-13,R4T8,0.07,0,0.34,3.47,,
4,2012-11-13,R4TA,,,,,,
5,2012-11-13,R5T1,1.69,0,2.45,12.86,,
5,2012-11-13,R5T2,0.05,0,1.09,8.35,,
5,2012-11-13,R5T3,3.04,0.39,0.77,12.21,,
5,2012-11-13,R5T4,0.45,0,1.92,12.55,,
5,2012-11-13,R5T5,3.76,0.25,2.18,13.96,,
5,2012-11-13,R5T6,1.99,0,0.8,16.81,,
5,2012-11-13,R5T7,0.48,0,1.69,11.48,,
5,2012-11-13,R5T8,5.36,0.03,0.62,10.14,,
5,2012-11-13,R5TA,,,,,,
6,2012-11-13,R6T1,0.96,0.4,0.66,8.18,,
6,2012-11-13,R6T2,1.62,0,0.73,11.35,,
6,2012-11-13,R6T3,0.02,0.23,0.78,13.92,,
6,2012-11-13,R6T4,0.76,0.08,1.22,10.91,,
6,2012-11-13,R6T5,1.6,0.64,0.57,13.55,,
6,2012-11-13,R6T6,0.56,0,0,6.82,,
6,2012-11-13,R6T7,1.22,1.64,0.26,4.71,,
6,2012-11-13,R6T8,0.4,1.67,0,6.79,,
6,2012-11-13,R6TA,,,,,,
1,2012-12-11,R1T1,3.29,0.25,4.93,10.1,,
1,2012-12-11,R1T2,0.98,0.46,1.08,3.92,,
1,2012-12-11,R1T3,3.37,0.44,1.06,7.08,,
1,2012-12-11,R1T4,3.47,0.3,1.6,6.75,,
1,2012-12-11,R1T5,2.48,0.11,2.02,6.58,,
1,2012-12-11,R1T6,1.17,0.26,3.01,5.43,,
1,2012-12-11,R1T7,1.39,0.07,1.93,9.3,,
1,2012-12-11,R1T8,2.58,0.41,1.48,6.28,,
1,2012-12-11,R1TA,,,,,,
2,2012-12-11,R2T1,0.93,0.53,0,9.02,,
2,2012-12-11,R2T2,0.68,1.08,0.58,8.43,,
2,2012-12-11,R2T3,2.06,0.84,2.13,8.67,,
2,2012-12-11,R2T4,3.96,2.66,0.07,5.61,,
2,2012-12-11,R2T5,2.39,1.35,0.54,7.09,,
2,2012-12-11,R2T6,0.91,0.4,0.73,7.89,,
2,2012-12-11,R2T7,6.73,2.45,2.05,10.89,,
2,2012-12-11,R2T8,7.51,0.31,1.14,9.8,,
2,2012-12-11,R2TA,,,,,,
3,2012-12-11,R3T1,8.18,0.77,0.91,3.51,,
3,2012-12-11,R3T2,8.26,0.13,0.47,6.77,,
3,2012-12-11,R3T3,2.42,0.49,0.18,4.5,,
3,2012-12-11,R3T4,3.35,0.45,1.05,8.64,,
3,2012-12-11,R3T5,14.09,0.3,1.02,9.52,,
3,2012-12-11,R3T6,3.96,0.21,0.82,7.91,,
3,2012-12-11,R3T7,5.68,0.71,1.16,6.34,,
3,2012-12-11,R3T8,3.16,1.27,0.58,8.19,,
3,2012-12-11,R3TA,,,,,,
4,2012-12-11,R4T1,2.7,0.3,0.98,4.21,,
4,2012-12-11,R4T2,0.87,0.27,0.07,4.69,,
4,2012-12-11,R4T3,3.1,0.52,0.98,6.45,,
4,2012-12-11,R4T4,5.34,2.11,0.27,5.3,,
4,2012-12-11,R4T5,0.99,2.65,2.53,6.77,,
4,2012-12-11,R4T6,13.16,0.45,1.5,5.27,,
4,2012-12-11,R4T7,1.77,0.36,0.27,3.91,,
4,2012-12-11,R4T8,3.38,0.87,0.69,7.44,,
4,2012-12-11,R4TA,,,,,,
5,2012-12-11,R5T1,6.27,0.56,3.7,6.78,,
5,2012-12-11,R5T2,9.53,0.16,0.82,9.12,,
5,2012-12-11,R5T3,5.92,0.5,1.31,8.37,,
5,2012-12-11,R5T4,5.29,4.68,2.15,8.29,,
5,2012-12-11,R5T5,1.58,0.79,3.16,13.06,,
5,2012-12-11,R5T6,10.38,0.36,5.26,19.39,,
5,2012-12-11,R5T7,10.21,2.22,3.9,11.19,,
5,2012-12-11,R5T8,7.65,2.69,2.45,13.2,,
5,2012-12-11,R5TA,,,,,,
6,2012-12-11,R6T1,5.52,0.61,1.34,7.73,,
6,2012-12-11,R6T2,8.12,4.81,0.35,10.72,,
6,2012-12-11,R6T3,3.32,2.72,1.36,9.55,,
6,2012-12-11,R6T4,7.56,0.6,2.17,11.56,,
6,2012-12-11,R6T5,8.86,2.43,1.68,10.64,,
6,2012-12-11,R6T6,3.07,10.46,1.22,12.67,,
6,2012-12-11,R6T7,2.13,0.84,0.5,11.73,,
6,2012-12-11,R6T8,19.75,0.97,0.2,10.16,,
6,2012-12-11,R6TA,,,,,,
1,2013-01-08,R1T1,10.13,2.29,0.61,3.71,,
1,2013-01-08,R1T2,1.07,1.35,0.44,2,,
1,2013-01-08,R1T3,3.53,2.62,0.18,2.7,,
1,2013-01-08,R1T4,4.61,0.57,1.1,2.82,,
1,2013-01-08,R1T5,5.8,0.95,0.45,2.44,,
1,2013-01-08,R1T6,3.58,1.44,1.53,5.36,,
1,2013-01-08,R1T7,1.84,1.48,1.98,3.56,,
1,2013-01-08,R1T8,0.93,1.18,0.9,1.1,,
1,2013-01-08,R1TA,,,,,,
2,2013-01-08,R2T1,1.14,4.56,0.46,4.41,,
2,2013-01-08,R2T2,11.84,3.14,0.2,5.62,,
2,2013-01-08,R2T3,2.2,2.02,0.61,5.27,,
2,2013-01-08,R2T4,7.55,4.71,0.22,7.4,,
2,2013-01-08,R2T5,6.14,3.23,0.76,5.19,,
2,2013-01-08,R2T6,0.1,2.68,0.27,3.82,,
2,2013-01-08,R2T7,1.12,1.68,0.78,5.42,,
2,2013-01-08,R2T8,0.63,2.25,0.54,6.25,,
2,2013-01-08,R2TA,,,,,,
3,2013-01-08,R3T1,0.6,0.71,0.66,5.6,,
3,2013-01-08,R3T2,1.73,0.2,0.44,3.17,,
3,2013-01-08,R3T3,2.24,0.54,0.39,1.68,,
3,2013-01-08,R3T4,1.82,6.16,0.38,4.45,,
3,2013-01-08,R3T5,0.24,0.22,0,2.47,,
3,2013-01-08,R3T6,6.58,0.47,0.38,5.13,,
3,2013-01-08,R3T7,1.53,1.05,1.15,4.16,,
3,2013-01-08,R3T8,5.1,2.58,0.32,26.3,,
3,2013-01-08,R3TA,,,,,,
4,2013-01-08,R4T1,0.63,1.35,0.6,4.17,,
4,2013-01-08,R4T2,6,1.48,0.09,3.61,,
4,2013-01-08,R4T3,1.04,1,0.1,5.97,,
4,2013-01-08,R4T4,2.8,0.4,0.46,2.57,,
4,2013-01-08,R4T5,1.66,1.55,0.95,3.53,,
4,2013-01-08,R4T6,8.7,4.59,0.98,3.93,,
4,2013-01-08,R4T7,0.79,1.36,0.08,3.29,,
4,2013-01-08,R4T8,0.48,2.24,0.77,4.45,,
4,2013-01-08,R4TA,,,,,,
5,2013-01-08,R5T1,3.56,3.42,0.88,7.37,,
5,2013-01-08,R5T2,7.38,2.46,0.46,8.69,,
5,2013-01-08,R5T3,5.05,0.84,1.3,4.34,,
5,2013-01-08,R5T4,1.34,2.17,1.19,5.95,,
5,2013-01-08,R5T5,10.31,4.24,1.85,6.91,,
5,2013-01-08,R5T6,2.94,5.01,1.37,8.65,,
5,2013-01-08,R5T7,5.48,5.8,0.98,9.11,,
5,2013-01-08,R5T8,4.75,7.45,3.33,10.59,,
5,2013-01-08,R5TA,,,,,,
6,2013-01-08,R6T1,3.45,0.88,0.17,8.56,,
6,2013-01-08,R6T2,2.33,1.06,0.7,5.94,,
6,2013-01-08,R6T3,3.39,2.11,0.23,8.15,,
6,2013-01-08,R6T4,5.82,1.68,1.44,9.83,,
6,2013-01-08,R6T5,0.74,0.47,0.36,5.87,,
6,2013-01-08,R6T6,6.16,4.17,0.55,6.78,,
6,2013-01-08,R6T7,4.83,1.1,0.13,7.18,,
6,2013-01-08,R6T8,1.66,2.81,0,5.61,,
6,2013-01-08,R6TA,,,,,,
1,2013-02-20,R1T1,0.6,6.61,0.5,2.21,,
1,2013-02-20,R1T2,2.07,0.69,0.2,2.77,,
1,2013-02-20,R1T3,1.91,1.49,1.82,2.12,,
1,2013-02-20,R1T4,1.81,1.72,0.7,4.98,,
1,2013-02-20,R1T5,2.51,0.89,2.04,3.12,,
1,2013-02-20,R1T6,0.8,5.98,0.53,3.99,,
1,2013-02-20,R1T7,1.66,0.68,0.66,3.93,,
1,2013-02-20,R1T8,0.84,1.14,0.25,2.71,,
1,2013-02-20,R1TA,,,,,,
2,2013-02-20,R2T1,1.33,4.55,0.67,5.6,,
2,2013-02-20,R2T2,1.14,0.48,0.37,4.2,,
2,2013-02-20,R2T3,1.3,2.43,2.95,4.69,,
2,2013-02-20,R2T4,2.37,1.77,0.59,3.97,,
2,2013-02-20,R2T5,19.26,1.71,0.98,2.93,,
2,2013-02-20,R2T6,1.72,3.35,0.52,3.73,,
2,2013-02-20,R2T7,1.48,6.5,0.73,3.05,,
2,2013-02-20,R2T8,0.79,3.78,0.91,5.4,,
2,2013-02-20,R2TA,,,,,,
3,2013-02-20,R3T1,3.14,1.37,0.3,1.16,0.02,0
3,2013-02-20,R3T2,1.93,1.63,0.84,2.71,0,0
3,2013-02-20,R3T3,0.19,6.49,0.7,2.13,0.02,0
3,2013-02-20,R3T4,2.89,1.45,0.337,2.3,0,0
3,2013-02-20,R3T5,1.6,5.7,0.493,2.47,0,0
3,2013-02-20,R3T6,1.77,1.9,0.5,3.85,0,0
3,2013-02-20,R3T7,0.65,3.84,0.65,4.11,0,0
3,2013-02-20,R3T8,1.37,2.6,1.02,1.98,0,0
3,2013-02-20,R3TA,,,,,,
4,2013-02-20,R4T1,6.52,0.78,0.64,2.5,0.02,0
4,2013-02-20,R4T2,1.33,2.62,0.156,1.76,0,0
4,2013-02-20,R4T3,2.53,0.59,0.867,3.91,0,0
4,2013-02-20,R4T4,3.19,0.68,0.41,3.22,0.05,0
4,2013-02-20,R4T5,1.77,0.43,1.18,2.87,0,0
4,2013-02-20,R4T6,5.5,0.91,0.888,2.78,0,0
4,2013-02-20,R4T7,0,0.85,0.08,3.18,0,0
4,2013-02-20,R4T8,0.44,1.1,0.65,3.2,0.02,0
4,2013-02-20,R4TA,,,,,,
5,2013-02-20,R5T1,2.29,2.29,1.923,4.56,0,0
5,2013-02-20,R5T2,1.52,4.44,1.605,1.74,0,0
5,2013-02-20,R5T3,3.26,1.15,1.47,2.73,0,0
5,2013-02-20,R5T4,3.62,3.16,1.905,3.14,0,0.01
5,2013-02-20,R5T5,2.07,2.78,0.46,7.38,0.04,0
5,2013-02-20,R5T6,4.71,2.63,1.01,4.8,0,0
5,2013-02-20,R5T7,4.45,12.81,0,5.61,0,0
5,2013-02-20,R5T8,1.74,12.42,0.91,7.01,0,0
5,2013-02-20,R5TA,,,,,,
6,2013-02-20,R6T1,6.68,1.2,0.29,5.35,0,0
6,2013-02-20,R6T2,2.36,1.2,0.12,6.91,0,0
6,2013-02-20,R6T3,0.85,1.26,0,4.59,0.03,0.05
6,2013-02-20,R6T4,2.67,4.1,0.49,5.71,0.02,0
6,2013-02-20,R6T5,7.79,1.51,0.271,4.48,0,0
6,2013-02-20,R6T6,1.93,7.93,0.425,5.49,0.03,0
6,2013-02-20,R6T7,2.04,2.41,0.82,6.4,0.06,0.26
6,2013-02-20,R6T8,6.35,0.21,0.12,4.37,0,0
6,2013-02-20,R6TA,,,,,,
1,2013-03-14,R1T1,1.96,0.54,0.81,3.48,,
1,2013-03-14,R1T2,0.42,0.18,0.03,2.51,,
1,2013-03-14,R1T3,4.56,0.12,0.93,5.67,,
1,2013-03-14,R1T4,1.07,0.89,0,5.27,,
1,2013-03-14,R1T5,0.13,0,0,1.75,,
1,2013-03-14,R1T6,0,0,0,3.58,,
1,2013-03-14,R1T7,0.41,0,0,4.94,,
1,2013-03-14,R1T8,1.08,1.78,0.44,3.86,,
1,2013-03-14,R1TA,1.8707,0.6148,2.0666,2.6992,,
2,2013-03-14,R2T1,0.48,0.11,0.08,4.96,,
2,2013-03-14,R2T2,0.93,4.47,0.13,5.2,,
2,2013-03-14,R2T3,0.15,0.2,0.21,5.89,,
2,2013-03-14,R2T4,1.22,0.46,0.03,6.16,,
2,2013-03-14,R2T5,2.45,0.04,1.28,3.13,,
2,2013-03-14,R2T6,0.58,0,0.17,4.25,,
2,2013-03-14,R2T7,0.69,1.23,0.41,3.84,,
2,2013-03-14,R2T8,0.77,0.14,0.2,4.72,,
2,2013-03-14,R2TA,1.15,0.2434,0.8698,2.5677,,
3,2013-03-14,R3T1,0.19,0.15,0.45,0.4,,
3,2013-03-14,R3T2,1.07,3.81,0.14,0.91,,
3,2013-03-14,R3T3,0.19,0.07,0.18,2.5,,
3,2013-03-14,R3T4,4.58,0,0.32,1.79,,
3,2013-03-14,R3T5,0.5,0.31,0.65,4.8,,
3,2013-03-14,R3T6,7.9,0,3.28,22.48,,
3,2013-03-14,R3T7,0.91,0.68,0.41,1.88,,
3,2013-03-14,R3T8,0.44,0.02,1.07,1.99,,
3,2013-03-14,R3TA,0.3411,0.6954,1.5261,0.4837,,
4,2013-03-14,R4T1,0.09,0.03,0.39,2.66,,
4,2013-03-14,R4T2,0.19,0,0.04,5.24,,
4,2013-03-14,R4T3,1.84,0,0.72,4.29,,
4,2013-03-14,R4T4,0.14,0.13,0.24,2.42,,
4,2013-03-14,R4T5,0.04,0.25,0.54,4.78,,
4,2013-03-14,R4T6,1.2,0.23,0.16,4.39,,
4,2013-03-14,R4T7,0,0.11,0,6.82,,
4,2013-03-14,R4T8,0.43,0.51,0.2,4.13,,
4,2013-03-14,R4TA,0.2098,0.1123,0.7082,2.2842,,
5,2013-03-14,R5T1,0.44,2.1,0.77,2.34,,
5,2013-03-14,R5T2,0.02,0.69,0.11,1.32,,
5,2013-03-14,R5T3,0.71,7.82,0.54,3.08,,
5,2013-03-14,R5T4,4.42,0.06,0.86,1.35,,
5,2013-03-14,R5T5,1.63,0.1,0.05,4.65,,
5,2013-03-14,R5T6,0.15,0.39,0.35,2.38,,
5,2013-03-14,R5T7,0.27,0.2,0.7,2.07,,
5,2013-03-14,R5T8,1.74,0.37,0.63,6.36,,
5,2013-03-14,R5TA,1.299,0.5639,6.3772,0.9962,,
6,2013-03-14,R6T1,1.32,0.03,0.29,1.97,,
6,2013-03-14,R6T2,0,14.12,0,3.09,,
6,2013-03-14,R6T3,1.45,0,0.02,2.2,,
6,2013-03-14,R6T4,1.71,0,0.95,1.48,,
6,2013-03-14,R6T5,1.37,0,0.4,4.34,,
6,2013-03-14,R6T6,0.53,0.21,0.24,2.56,,
6,2013-03-14,R6T7,1.33,0,0.1,3.93,,
6,2013-03-14,R6T8,0,0,0,0,,
6,2013-03-14,R6TA,0.4703,0.2885,6.424,0.9299,,
1,2013-04-09,R1T1,0.64,0.05,0.513,3.77,0,0
1,2013-04-09,R1T2,0.38,0,0.069,4.67,0,0
1,2013-04-09,R1T3,0.55,0,0.319,5.55,0,0
1,2013-04-09,R1T4,0.32,0.22,0.859,4.13,0,0
1,2013-04-09,R1T5,0.39,0.48,0.861,4.95,0,0
1,2013-04-09,R1T6,0.41,0.03,1.136,5.85,0,0.02
1,2013-04-09,R1T7,1.48,0,1.187,5.75,0,0
1,2013-04-09,R1T8,0.2,0.04,0.418,5.09,0,0
1,2013-04-09,R1TA,0.1498,0.1316,1.0766,1.5742,0.0448,0.0281
2,2013-04-09,R2T1,0.12,0.07,0.281,5.69,0,0
2,2013-04-09,R2T2,0.15,0.1,0.127,3.54,0,0
2,2013-04-09,R2T3,0.92,0,0.827,6.4,0,0
2,2013-04-09,R2T4,0.2,0,0.419,4.26,0,0
2,2013-04-09,R2T5,12.3,1.12,0.791,5.27,0,0
2,2013-04-09,R2T6,0.61,0,0.43,6.01,0,0
2,2013-04-09,R2T7,0.5,0.3,0.658,7.06,0,0
2,2013-04-09,R2T8,0.47,0.04,0.776,9.2,0,0
2,2013-04-09,R2TA,0.3187,0.1927,0.9621,1.1773,0.0881,0.0115
3,2013-04-09,R3T1,0.28,0,0.732,1.84,0,0
3,2013-04-09,R3T2,0.19,0.01,1.479,1.76,0,0
3,2013-04-09,R3T3,0.37,0.34,0.523,0.97,0,0
3,2013-04-09,R3T4,0.7,0,1.891,1.5,0.56,0.1
3,2013-04-09,R3T5,4.38,0,0.235,2.82,0,0
3,2013-04-09,R3T6,0.4,0.21,1.784,2.46,0,0
3,2013-04-09,R3T7,1.15,3.71,3.703,1.87,0,0
3,2013-04-09,R3T8,0.17,1.19,3.201,2.75,0,0
3,2013-04-09,R3TA,0.2226,0.1886,0.2641,1.0287,0.0331,0.0441
4,2013-04-09,R4T1,0.08,0,0.956,2.67,0,0
4,2013-04-09,R4T2,0.04,0.02,0.046,2.19,0,0
4,2013-04-09,R4T3,0.11,2.66,2.612,2.28,0,0
4,2013-04-09,R4T4,0.34,0,0.912,2.28,0,0
4,2013-04-09,R4T5,0.05,0.04,2.413,2.01,0,0.05
4,2013-04-09,R4T6,0.61,0.08,0.642,1.5,0,0.01
4,2013-04-09,R4T7,0.03,0.05,0.434,3.09,0,0
4,2013-04-09,R4T8,0.31,0,0.276,3.89,0,0
4,2013-04-09,R4TA,0.1599,0.1351,0.3522,0.7734,0.0977,0.014
5,2013-04-09,R5T1,4.23,0.17,1.497,9.72,0,0
5,2013-04-09,R5T2,1.76,0.19,1.032,5.08,0,0
5,2013-04-09,R5T3,3.06,0.89,2.261,3.79,0,0
5,2013-04-09,R5T4,0.09,4.37,0.525,2.46,0,0
5,2013-04-09,R5T5,0,2.46,1.909,1.56,0,0
5,2013-04-09,R5T6,0.29,0.44,1.154,2.61,0.35,0
5,2013-04-09,R5T7,0.22,0.4,0.924,4.03,0,0
5,2013-04-09,R5T8,2.66,0.1,0.296,3.3,0,0
5,2013-04-09,R5TA,0.3279,0.2671,1.3616,1.3637,0.0595,0.0258
6,2013-04-09,R6T1,0.41,0,0.239,2.2,0,0
6,2013-04-09,R6T2,1.39,0.02,0.447,1.38,0,0.01
6,2013-04-09,R6T3,0.13,0,0.125,3.08,0,0
6,2013-04-09,R6T4,3.28,0.13,0.608,1.69,0,0
6,2013-04-09,R6T5,0.21,0,0.61,2,0,0
6,2013-04-09,R6T6,0.71,0,0.37,4.9,0,0
6,2013-04-09,R6T7,0.61,0.02,0.026,3.93,0,0
6,2013-04-09,R6T8,2.04,0,0.223,5.52,1.3,0.02
6,2013-04-09,R6TA,0.2604,0.4593,0.7523,0.9555,0.0241,0.0272
1,2013-05-13,R1T1,0.04,0.48,0.11,3.72,0,0.01
1,2013-05-13,R1T2,0.94,0.02,0.1,3.13,0,0
1,2013-05-13,R1T3,2.08,0,0.28,2.19,0,0
1,2013-05-13,R1T4,2.81,1.26,0.34,3.65,0,0
1,2013-05-13,R1T5,0.76,0,0.04,8.37,0,0
1,2013-05-13,R1T6,14.2,7.81,0.06,2.24,0,0
1,2013-05-13,R1T7,0.1,0.02,0.71,5.02,0,0.02
1,2013-05-13,R1T8,0.83,3.13,0,4.38,0,0
1,2013-05-13,R1TA,0.3279,0.2671,1.3616,1.3637,0.0595,0.0258
2,2013-05-13,R2T1,2.66,0,0,2.88,0,0
2,2013-05-13,R2T2,0.14,0.23,0.04,2.97,0,0
2,2013-05-13,R2T3,0.49,0.1,1,3.91,0,0
2,2013-05-13,R2T4,0.04,0,0.14,2.19,0,0
2,2013-05-13,R2T5,0.31,0.88,0.62,1.53,0,0
2,2013-05-13,R2T6,0.4,0,0.45,2.42,0,0
2,2013-05-13,R2T7,0.27,0.01,0.79,2.69,0,0
2,2013-05-13,R2T8,0,1.89,0,2.09,0,0
2,2013-05-13,R2TA,0.3187,0.1927,0.9621,1.1773,0.0881,0.0115
3,2013-05-13,R3T1,0.07,0,0.56,1.45,0,0
3,2013-05-13,R3T2,0.18,0.03,1.02,1.22,0,0
3,2013-05-13,R3T3,0.16,0,0.37,1.65,0,0
3,2013-05-13,R3T4,0.16,0,0.26,2.35,0,0
3,2013-05-13,R3T5,0.03,0,0.12,1.38,0,0
3,2013-05-13,R3T6,2.17,0,1.28,1.36,0,0
3,2013-05-13,R3T7,2.96,0.09,1.24,1.7,0,0
3,2013-05-13,R3T8,4.85,4.59,0.49,1.73,0,0
3,2013-05-13,R3TA,0.2226,0.1886,0.2641,1.0287,0.0331,0.0441
4,2013-05-13,R4T1,1.33,0.15,1.4,3.03,0,0
4,2013-05-13,R4T2,6.62,0.03,0.12,1.34,0,0
4,2013-05-13,R4T3,0.02,0.11,1.04,0.99,0,0
4,2013-05-13,R4T4,0.06,0,0.52,1.05,0,0
4,2013-05-13,R4T5,0.36,0.02,0.53,2.01,0,0
4,2013-05-13,R4T6,8.35,0.02,0.74,0.75,0,0
4,2013-05-13,R4T7,0.07,0.09,0,2.05,0,0
4,2013-05-13,R4T8,1.2,17.71,0.41,1.79,0,0
4,2013-05-13,R4TA,0.1599,0.1351,0.3522,0.7734,0.0997,0.014
5,2013-05-13,R5T1,0.43,0,0.74,2.03,0,0
5,2013-05-13,R5T2,0.33,0.06,0.27,1.78,0.07,0
5,2013-05-13,R5T3,0.44,0.22,0.76,1.23,0,0
5,2013-05-13,R5T4,0.03,0,0.67,1.48,0,0
5,2013-05-13,R5T5,2.08,0.05,0.46,3.7,0,0
5,2013-05-13,R5T6,0.14,0,1.23,1.63,0,0
5,2013-05-13,R5T7,0.57,0,1.08,2.01,0,0
5,2013-05-13,R5T8,2.39,0,0.68,5.72,0,0
5,2013-05-13,R5TA,0.352,0.1062,1.0766,1.5742,0.0448,0.0258
6,2013-05-13,R6T1,1.18,0.03,0.34,1.66,0,0
6,2013-05-13,R6T2,0.33,0,0,2.54,0,0
6,2013-05-13,R6T3,0.53,0,0.21,2.55,0,0
6,2013-05-13,R6T4,0.04,2.69,0.58,1.24,0,0
6,2013-05-13,R6T5,0.4,0,0,2.7,0,0
6,2013-05-13,R6T6,1.07,4.1,0.1,1.09,0,0
6,2013-05-13,R6T7,1.96,0,0,1.82,0,0
6,2013-05-13,R6T8,0.43,0.17,0,1.89,0,0
6,2013-05-13,R6TA,0.2604,0.4593,0.7523,0.9555,0.0241,0.0272
1,2013-06-14,R1T1,2.15,9.94,0.36,3.21,0,0
1,2013-06-14,R1T2,0.93,0.21,0.11,2.28,0,0
1,2013-06-14,R1T3,5.15,2.56,0.29,3.51,0,0
1,2013-06-14,R1T4,1.15,3.34,0.67,1.08,0,0
1,2013-06-14,R1T5,0.49,0.62,0.56,1.71,0,0
1,2013-06-14,R1T6,0.34,0.15,1.11,2.47,0,0
1,2013-06-14,R1T7,0.86,1.11,0.35,5.17,0,0
1,2013-06-14,R1T8,0.67,1.06,0.25,2.24,0,0
1,2013-06-14,R1TA,0.1209,0.1351,0.2436,0.3363,0.0588,0.0255
2,2013-06-14,R2T1,0.06,0,0.27,0.91,0,0.01
2,2013-06-14,R2T2,0.94,0,0.3,2.59,0,0
2,2013-06-14,R2T3,3.08,0,0.16,2.7,0,0
2,2013-06-14,R2T4,0.06,0,0.3,3.46,0,0.07
2,2013-06-14,R2T5,0.08,0.57,0.31,4.13,0,0
2,2013-06-14,R2T6,0.05,0,0.13,1.42,0,0
2,2013-06-14,R2T7,7.37,0.03,0.44,4.24,0,0
2,2013-06-14,R2T8,0.94,0.12,0.57,3.12,0,0
2,2013-06-14,R2TA,0.0536,0.0749,0.2436,0.3039,0.0112,0.0081
3,2013-06-14,R3T1,0.04,0.4,0.21,1.34,0,0
3,2013-06-14,R3T2,1.09,0,0.9,0.34,0,0
3,2013-06-14,R3T3,0,0.04,0.21,0.22,0,0
3,2013-06-14,R3T4,0.76,0,0.16,2.7,0,0
3,2013-06-14,R3T5,0.32,0,0.37,2.31,0,0
3,2013-06-14,R3T6,0.43,0,0.71,1.07,0,0
3,2013-06-14,R3T7,0,1.54,0.33,0.96,0,0
3,2013-06-14,R3T8,1.58,0,0.33,2.31,0,0
3,2013-06-14,R3TA,0.082,1.448,0.1846,0.377,0.0522,0.0244
4,2013-06-14,R4T1,1.94,0,0.2,1.82,0,0
4,2013-06-14,R4T2,0.03,0,0.1,2.3,0,0
4,2013-06-14,R4T3,0.06,0.04,0.85,0.32,0,0
4,2013-06-14,R4T4,0.14,3.07,1.62,1.6,0,0
4,2013-06-14,R4T5,0.69,0.24,0.25,1.57,0.03,0
4,2013-06-14,R4T6,0.05,0.05,0.07,0.35,0,0
4,2013-06-14,R4T7,0,0,0,1.14,0,0
4,2013-06-14,R4T8,0.38,0,0.47,2.33,0,0
4,2013-06-14,R4TA,0.092,0.1352,0.09,0.345,0.0719,0.0135
5,2013-06-14,R5T1,4.11,0,0.16,1.28,0,0
5,2013-06-14,R5T2,0.57,0.07,0.22,1.33,0,0
5,2013-06-14,R5T3,0.2,0,0.98,1.84,0,0
5,2013-06-14,R5T4,0.43,0.09,0.11,2.06,0.9,0
5,2013-06-14,R5T5,0.01,0.03,0.25,2.5,0,0
5,2013-06-14,R5T6,6.15,0.15,0.6,1.76,0,0
5,2013-06-14,R5T7,0.19,3.17,1,1.9,0,0
5,2013-06-14,R5T8,0.43,0.03,0.57,1.82,0,0
5,2013-06-14,R5TA,0.2942,0.2777,0.3208,0.651,0.0138,0.0083
6,2013-06-14,R6T1,0.31,0.13,0.37,1.06,0,0
6,2013-06-14,R6T2,1.32,0,0.33,3.16,0,0
6,2013-06-14,R6T3,0.56,0.01,0.1,3.3,0,0
6,2013-06-14,R6T4,0.16,0.14,0.22,1.93,0,0
6,2013-06-14,R6T5,0.3,0.03,0.18,2.33,0,0
6,2013-06-14,R6T6,1.57,0.34,0.23,2.1,0,0
6,2013-06-14,R6T7,1.45,0,0,1.94,0.13,0
6,2013-06-14,R6T8,0.2,1.44,0.05,2.18,0,0
6,2013-06-14,R6TA,0.0658,0.1963,0.4204,1.0552,0.4935,0.0227
1,2013-07-08,R1T1,1.55,0,0.43,2.11,0,0
1,2013-07-08,R1T2,0.9,1.25,0.42,0.78,0,0
1,2013-07-08,R1T3,5.47,0.43,0.18,3.25,0,0
1,2013-07-08,R1T4,0.16,0,0.27,1.04,0,0
1,2013-07-08,R1T5,0.02,0.43,0.28,2.11,0,0
1,2013-07-08,R1T6,0.21,0,0.18,1.16,0,0
1,2013-07-08,R1T7,0.21,0,0,2.36,0,0
1,2013-07-08,R1T8,0.03,0.08,0.11,1.48,0,0
1,2013-07-08,R1TA,0.0898,0.0874,0.3049,0.2448,0.0347,0.0061
2,2013-07-08,R2T1,0.03,0.32,0,1.45,0,0
2,2013-07-08,R2T2,0.05,0.02,0,1.57,0,0
2,2013-07-08,R2T3,0.4,0,0,2.73,0,0
2,2013-07-08,R2T4,0,0,0.04,1.48,0,0
2,2013-07-08,R2T5,0,0,0.16,0.76,0,0
2,2013-07-08,R2T6,0.02,0.03,0.31,2.76,0,0
2,2013-07-08,R2T7,0.09,0.04,0.36,2.87,0,0
2,2013-07-08,R2T8,0.04,0,0.89,2.37,0,0
2,2013-07-08,R2TA,0.162,0.0325,0.1569,0.2457,0.0297,0.0127
3,2013-07-08,R3T1,0.02,0,0.12,0.58,0,0
3,2013-07-08,R3T2,0.34,0,0.21,0.5,0,0
3,2013-07-08,R3T3,0.02,0,0.21,0.48,0,0
3,2013-07-08,R3T4,0,0,0,1.4,0,0
3,2013-07-08,R3T5,0.11,0.83,0.37,0.49,0,0
3,2013-07-08,R3T6,0,0.02,0.27,1.08,0,0
3,2013-07-08,R3T7,0.37,0,0.46,1.49,0,0
3,2013-07-08,R3T8,2.7,0,0.32,2.25,0,0
3,2013-07-08,R3TA,0.0491,0.059,0.1997,0.2219,0.0278,0.0098
4,2013-07-08,R4T1,0.05,0.46,0.64,1.83,0,0
4,2013-07-08,R4T2,0,4.33,0.02,0.3,0,0
4,2013-07-08,R4T3,0,0,0.04,1.64,0,0
4,2013-07-08,R4T4,0.03,12.99,0.3,1.41,0,0
4,2013-07-08,R4T5,0.22,0.02,0.31,0.88,0,0
4,2013-07-08,R4T6,0.12,0,0.07,1.13,0,0
4,2013-07-08,R4T7,0,0,0.05,1.29,0,0
4,2013-07-08,R4T8,0.04,0,0.12,0.47,0,0
4,2013-07-08,R4TA,0.0287,0.064,0.1236,0.2558,0.0207,0.001
5,2013-07-08,R5T1,0.13,0,0,2.11,0,0
5,2013-07-08,R5T2,4.95,0,0,1.03,0,0
5,2013-07-08,R5T3,0.05,0,0.19,0.76,0,0
5,2013-07-08,R5T4,0.07,0.49,0.19,1.5,0,0
5,2013-07-08,R5T5,0.96,0,0.66,0.37,0,0
5,2013-07-08,R5T6,0.13,0.02,0.6,0.91,0,0
5,2013-07-08,R5T7,0.04,0,0.16,1.95,0,0
5,2013-07-08,R5T8,0.76,0,0.43,1.96,0,0
5,2013-07-08,R5TA,0.212,0.1162,0.1939,0.3424,0.0207,0.0125
6,2013-07-08,R6T1,0.01,0,0.57,2.38,0,0
6,2013-07-08,R6T2,1.09,0,0,2.48,0,0
6,2013-07-08,R6T3,0.47,1.05,0.32,1.25,0,0
6,2013-07-08,R6T4,0.15,0.65,0.1,2.5,0,0
6,2013-07-08,R6T5,0.04,0.02,0.86,1.64,0,0
6,2013-07-08,R6T6,0.59,0.04,0.02,1.77,0,0
6,2013-07-08,R6T7,0.07,0,0.12,2.08,0,0
6,2013-07-08,R6T8,0.11,0,0,2.24,0,0
6,2013-07-08,R6TA,0.1831,0.1901,0.3756,0.6782,0.0348,0.0155
1,2013-08-15,R1T1,8.35,0.12,2.66,8.76,0,0.02
1,2013-08-15,R1T2,5.52,0.16,1.48,4.2,0,0
1,2013-08-15,R1T3,6.67,0.57,3.51,8.77,0,0
1,2013-08-15,R1T4,4.2,2.56,1.54,5.36,0,0
1,2013-08-15,R1T5,2.55,0.79,2.94,6,0,0
1,2013-08-15,R1T6,6.05,6.86,4.05,9.21,0,0.04
1,2013-08-15,R1T7,4.7,2.28,1.06,4.51,0,0
1,2013-08-15,R1T8,2.39,0,2.38,4.35,0,0
1,2013-08-15,R1TA,0.211,0.272,0.2259,1.6214,0.0988,0.0202
2,2013-08-15,R2T1,2.86,0.16,0.32,6.83,0,0
2,2013-08-15,R2T2,3.57,1.62,0.65,7.02,0,0
2,2013-08-15,R2T3,453.86,3.4,0.64,3.12,0,0
2,2013-08-15,R2T4,8.5,0.29,1.72,8.32,0,0
2,2013-08-15,R2T5,4.63,1.36,1.6,3.66,0,0
2,2013-08-15,R2T6,2.01,0.13,0.6,7.42,0,0.03
2,2013-08-15,R2T7,8.04,0.05,0.84,9.84,0.06,0.24
2,2013-08-15,R2T8,10.48,2.53,4.47,7.14,0,0
2,2013-08-15,R2TA,0.1587,0.1881,0.1254,1.3473,0.0428,0.0152
3,2013-08-15,R3T1,1.92,0.08,1.29,2.76,0,0
3,2013-08-15,R3T2,0.35,0.07,1.66,2.92,0,0
3,2013-08-15,R3T3,3.96,1.91,1.28,8.72,0,0
3,2013-08-15,R3T4,1,0,1.01,3.49,0,0
3,2013-08-15,R3T5,5.28,0.04,0.37,3.8,0,0.02
3,2013-08-15,R3T6,0.11,0.04,2.35,4.53,0,0
3,2013-08-15,R3T7,10.02,0.36,3.64,2.68,0,0
3,2013-08-15,R3T8,3.53,0.64,1.81,4.27,0.06,0
3,2013-08-15,R3TA,0.0592,0.1535,0.1539,1.0867,0.0559,0.0103
4,2013-08-15,R4T1,1.9,11.72,1.25,3.21,0,0
4,2013-08-15,R4T2,1.66,0.11,1.02,6.36,0,0
4,2013-08-15,R4T3,6.11,0.02,7,5.4,0,0
4,2013-08-15,R4T4,1.98,0.07,4.57,2.4,0,0
4,2013-08-15,R4T5,1.69,0.03,2.09,3.48,0.06,0
4,2013-08-15,R4T6,1.2,0.7,1.63,3.85,0,0
4,2013-08-15,R4T7,4.13,0.22,0.41,8.61,0,0
4,2013-08-15,R4T8,3.06,12.44,1.29,6.07,0,0.01
4,2013-08-15,R4TA,0.1559,0.1298,0.1304,1.0705,0.0625,0.0146
5,2013-08-15,R5T1,4.74,0,2.57,4.07,0,0
5,2013-08-15,R5T2,1.12,0.11,1.21,1.6,0,0.01
5,2013-08-15,R5T3,1.3,0.28,1.5,5.53,0,0.02
5,2013-08-15,R5T4,1.25,0.05,1.57,3.82,0.04,0.01
5,2013-08-15,R5T5,1.36,1.14,0.99,3.2,0.04,0
5,2013-08-15,R5T6,8.6,4.3,1.74,7.96,0,0
5,2013-08-15,R5T7,1.45,0.14,1.68,5.71,0,0.03
5,2013-08-15,R5T8,1.79,4.24,2.24,7.76,0,0
5,2013-08-15,R5TA,0.2042,0.3557,0.3033,1.629,0.0545,0.0123
6,2013-08-15,R6T1,4.88,2.05,1.55,6.26,0.02,0.07
6,2013-08-15,R6T2,1.67,0.1,1.39,5.12,0,0
6,2013-08-15,R6T3,3.06,0.09,0.46,4.96,0,0
6,2013-08-15,R6T4,0.62,0.11,3.74,3.43,0,0
6,2013-08-15,R6T5,4.46,0.37,2.11,7.25,0,0
6,2013-08-15,R6T6,1.38,1.89,0.33,4.07,0,0.02
6,2013-08-15,R6T7,16.81,0.32,0.64,5.37,0,0
6,2013-08-15,R6T8,4.13,0.34,0.45,5.02,0,0.01
6,2013-08-15,R6TA,0.3611,0.2609,0.1911,2.0485,0.0858,0.0034
1,2013-09-10,R1T1,0.71,0,0.81,6.71,0,0.01
1,2013-09-10,R1T2,2.22,0.11,0.66,5.43,0.05,0
1,2013-09-10,R1T3,4.45,0.08,0.83,6.51,0,0.03
1,2013-09-10,R1T4,0.42,0.38,0.57,3.51,0,0
1,2013-09-10,R1T5,2.15,0,6.76,8.35,0.02,0.04
1,2013-09-10,R1T6,0.19,3.93,4.38,5.96,0,0
1,2013-09-10,R1T7,1.21,0.05,3.11,4.57,0,0
1,2013-09-10,R1T8,1.65,8.44,0.81,8.87,0,0.03
1,2013-09-10,R1TA,0.3782,0.0617,0.1669,1.6918,0.0633,0.0266
2,2013-09-10,R2T1,2.25,0.06,0.71,5.82,0,0
2,2013-09-10,R2T2,0.68,0,2.3,5.6,0,0
2,2013-09-10,R2T3,2.29,0.05,0.31,6.69,0,0
2,2013-09-10,R2T4,0.7,0.34,0.93,1.75,0,0
2,2013-09-10,R2T5,2.48,0.05,1.3,4.74,0.03,0
2,2013-09-10,R2T6,7.35,25.82,0.94,4.03,0,0
2,2013-09-10,R2T7,1.56,1.08,1.25,4.3,0.01,0.01
2,2013-09-10,R2T8,0.41,0,2.61,5.59,0.05,0
2,2013-09-10,R2TA,0.3491,0.1799,0.0858,1.1486,0.101,0.0131
3,2013-09-10,R3T1,8.83,1.44,5.14,2.78,0,0
3,2013-09-10,R3T2,0,4.89,3.45,2.84,0,0.04
3,2013-09-10,R3T3,0.36,0.01,1.15,1.48,0,0
3,2013-09-10,R3T4,0,0,1.56,4.52,0,0
3,2013-09-10,R3T5,1.55,1.27,0.14,4.08,0,0
3,2013-09-10,R3T6,3.14,0.01,3.01,2.66,0,0
3,2013-09-10,R3T7,5.31,0.55,2.56,8.58,0,0
3,2013-09-10,R3T8,0.01,0.14,0.69,3.13,0.12,0
3,2013-09-10,R3TA,0.1659,0.0314,0.0413,0.877,0.0513,0.0161
4,2013-09-10,R4T1,0.45,9.03,1.17,5.91,0,0
4,2013-09-10,R4T2,0.05,1.56,0.77,4.49,0,0
4,2013-09-10,R4T3,1.42,1.41,0.82,5.32,0,0
4,2013-09-10,R4T4,2.02,0.13,2.92,1.76,0,0
4,2013-09-10,R4T5,0.62,0.11,1.2,2.41,0,0
4,2013-09-10,R4T6,0.87,0,1.25,2.64,0,0
4,2013-09-10,R4T7,3.43,0.29,0.84,4.07,0,0
4,2013-09-10,R4T8,1.59,0.11,0.69,3.46,0,0
4,2013-09-10,R4TA,0.27,0.0921,0.0186,0.847,0.0703,0.0071
5,2013-09-10,R5T1,1.08,0,2.48,5.05,0.01,0
5,2013-09-10,R5T2,6.3,0.65,1.41,4.18,0,0
5,2013-09-10,R5T3,0.41,0,5.52,4.29,0,0
5,2013-09-10,R5T4,1.19,0,1.72,5.67,0,0
5,2013-09-10,R5T5,3.31,0.06,2.33,5.87,0.06,0
5,2013-09-10,R5T6,11.23,3.42,1.32,5.63,0,0
5,2013-09-10,R5T7,3.03,0.03,1.78,8.14,0,0
5,2013-09-10,R5T8,1.59,0.67,1.85,5.25,0,0
5,2013-09-10,R5TA,0.4246,0.2217,0.0829,1.3345,0.0252,0.0334
6,2013-09-10,R6T1,1.45,2.58,1.14,4.18,1.93,0
6,2013-09-10,R6T2,1.75,0.12,0.66,3.72,0,0
6,2013-09-10,R6T3,2.93,0,0.55,7.66,0,0
6,2013-09-10,R6T4,11.17,0,0.84,8.44,0,0
6,2013-09-10,R6T5,1.54,0.02,0.36,3.26,0,0
6,2013-09-10,R6T6,0.67,2.81,0.42,3.32,0,0
6,2013-09-10,R6T7,1.74,0.01,0.05,5.85,0,0
6,2013-09-10,R6T8,6.59,0.04,0.23,5.09,2.73,0
6,2013-09-10,R6TA,0.4249,0.2377,0.5354,1.9951,0.0331,0.0178
1,2013-10-09,R1T1,1.63,1.38,0.7,7.69,0.03,0.05
1,2013-10-09,R1T2,2.97,0.09,0.23,5.2,0,0
1,2013-10-09,R1T3,5.24,0,0.85,8.7,0,0
1,2013-10-09,R1T4,2.1,2.56,0.09,6.64,0,0
1,2013-10-09,R1T5,2.33,0.14,3,6.76,0,0
1,2013-10-09,R1T6,2.41,0,1.77,8.4,0,0
1,2013-10-09,R1T7,1.81,0,0.9,6.96,0,0
1,2013-10-09,R1T8,0.04,0,0.17,1.65,0,0
1,2013-10-09,R1TA,0.5906,0.1758,0.4601,2.6307,0.068,0.0567
2,2013-10-09,R2T1,11.08,0.51,0.91,10.25,0,0
2,2013-10-09,R2T2,1.52,0.18,1.78,8.89,0,0
2,2013-10-09,R2T3,7.62,0,0.99,8.54,0,0
2,2013-10-09,R2T4,8.18,0.32,1.55,4.53,0,0
2,2013-10-09,R2T5,0.57,0.01,2.12,6.15,0,0
2,2013-10-09,R2T6,10.19,1.43,1.07,7.18,0,0
2,2013-10-09,R2T7,1.09,0.09,1.09,6.83,0,0
2,2013-10-09,R2T8,3.69,0.32,1.73,7.13,0,0
2,2013-10-09,R2TA,0.8278,0.4558,1.4624,4.1564,0.1928,0.0463
3,2013-10-09,R3T1,4.77,2.18,1.66,4.7,0,0
3,2013-10-09,R3T2,1.77,0.58,1.23,7.69,0,0
3,2013-10-09,R3T3,2.63,2.81,0.76,6.53,0,0
3,2013-10-09,R3T4,1.21,0,1.8,5.79,0,0
3,2013-10-09,R3T5,1.08,0.1,0.37,7.62,0,0
3,2013-10-09,R3T6,1.48,0.04,1.02,5.38,0,0
3,2013-10-09,R3T7,0.24,0.1,0.74,5.7,0,0
3,2013-10-09,R3T8,16.88,0,0.45,5.78,0,0
3,2013-10-09,R3TA,0.4247,0.2989,0.245,3.0504,0.0777,0.028
4,2013-10-09,R4T1,0.74,0.38,0.72,4.43,0,0
4,2013-10-09,R4T2,0.95,0.18,0.66,5.66,0,0
4,2013-10-09,R4T3,3.37,0.1,0.89,3.52,1.48,0
4,2013-10-09,R4T4,2.03,0.09,2.14,8.88,0,0.09
4,2013-10-09,R4T5,0.77,0.24,0.47,8.8,0,0.01
4,2013-10-09,R4T6,2.79,0.17,0.68,5.85,0,0
4,2013-10-09,R4T7,3.88,0,0.39,6.87,0,0
4,2013-10-09,R4T8,4.92,0.93,0.31,6.92,0,0
4,2013-10-09,R4TA,0.4268,0.3078,0.5175,3.0712,0.2318,0.1366
5,2013-10-09,R5T1,1.98,0.07,3.6,8.02,0,0
5,2013-10-09,R5T2,1.1,0.08,0.73,6.64,0,0
5,2013-10-09,R5T3,1.17,2.72,1.54,5.31,0,0
5,2013-10-09,R5T4,0.88,0,1.53,3.92,0,0
5,2013-10-09,R5T5,2.55,0,1.88,7.48,0,0
5,2013-10-09,R5T6,2.8,0.48,1.43,6.72,0,0
5,2013-10-09,R5T7,3.18,0.26,1.99,8.77,0,0
5,2013-10-09,R5T8,4.99,0.26,1.75,11.98,0,0
5,2013-10-09,R5TA,0.7178,0.3254,0.9558,3.2258,0.0807,0.0695
6,2013-10-09,R6T1,3.93,2.21,0.73,8.92,0,0
6,2013-10-09,R6T2,3.41,0,1.08,10.47,0.14,0
6,2013-10-09,R6T3,2.42,0,1.17,4.86,0.03,0
6,2013-10-09,R6T4,0.61,7.97,0.88,7.22,0,0
6,2013-10-09,R6T5,3.41,1,1.52,9.56,0,0
6,2013-10-09,R6T6,4.28,2.06,0.32,6.27,0,0.02
6,2013-10-09,R6T7,4.08,3.05,0.5,5.98,0,0
6,2013-10-09,R6T8,6.18,0.01,0.86,3.95,0,0
6,2013-10-09,R6TA,0.4581,0.2627,0.5385,3.8602,0.0496,0.0476
1,2013-11-11,R1T1,2.43,0.02,0.61,3.85,0,0
1,2013-11-11,R1T2,1.23,0.01,0.06,3.71,0.01,0
1,2013-11-11,R1T3,2.58,0.19,0.75,3.34,0.06,0.01
1,2013-11-11,R1T4,1.15,0,0.19,4.72,0,0
1,2013-11-11,R1T5,0.72,5.25,0.23,3.68,0,0
1,2013-11-11,R1T6,1.46,0.02,0.26,6.36,0,0
1,2013-11-11,R1T7,1.83,0.03,0.02,4.12,0,0
1,2013-11-11,R1T8,0.46,0.02,0.03,0.75,0,0
1,2013-11-11,R1TA,0.478,0.1293,0.2927,1.6978,0.057,0.078
2,2013-11-11,R2T1,9.02,4.47,1.13,6.13,0.06,0.03
2,2013-11-11,R2T2,8.47,5.68,1.92,8.25,0,0.14
2,2013-11-11,R2T3,2.54,0.03,0.51,9.86,0,0.02
2,2013-11-11,R2T4,1.13,0.05,1.74,6.81,0,0
2,2013-11-11,R2T5,2.34,0.13,1.4,7.29,0,0.26
2,2013-11-11,R2T6,1.61,0.01,0.98,5.15,0.01,0
2,2013-11-11,R2T7,3.2,0.01,1.78,7.18,0,0.01
2,2013-11-11,R2T8,13.58,0.12,0.68,6.78,0,0.01
2,2013-11-11,R2TA,0.3711,0.1184,0.2659,2.057,0.1128,0.0418
3,2013-11-11,R3T1,0.59,0.46,1.26,3.87,0,0
3,2013-11-11,R3T2,0.72,0.1,1.22,8.13,0,0
3,2013-11-11,R3T3,0.31,0.01,1.62,6.58,0.01,0
3,2013-11-11,R3T4,1.87,0.09,2.8,5.08,0,0
3,2013-11-11,R3T5,2.95,0.11,0.46,10.04,0,0.08
3,2013-11-11,R3T6,5.55,0.14,0.43,5.14,0,0.03
3,2013-11-11,R3T7,31.53,0.14,0.83,17.73,0,0
3,2013-11-11,R3T8,6.63,0.13,0.87,10.66,0.02,0.11
3,2013-11-11,R3TA,0.0841,0.1164,0.0025,2.1437,0.017,0.0345
4,2013-11-11,R4T1,2.89,0.93,0.79,5.78,0,0
4,2013-11-11,R4T2,1.34,0.35,0.41,6.89,0.02,0.02
4,2013-11-11,R4T3,1.48,0.08,1.01,6.11,0.08,0.07
4,2013-11-11,R4T4,2.7,0.29,0.92,3.89,0,0.21
4,2013-11-11,R4T5,1.54,0.07,0.29,4.74,0.02,0
4,2013-11-11,R4T6,0.41,1.27,0.81,6,0.1,0
4,2013-11-11,R4T7,2.53,1.23,0.4,5.75,0,0
4,2013-11-11,R4T8,2.07,0.16,0.37,9.48,0,0
4,2013-11-11,R4TA,0.197,0.1916,0.0481,2.743,0.1113,0.0431
5,2013-11-11,R5T1,2.46,0.16,2.4,8.13,0,0.01
5,2013-11-11,R5T2,59.12,0.31,0.71,15.36,0,0.07
5,2013-11-11,R5T3,2.65,0.31,1.1,9.43,0,0.09
5,2013-11-11,R5T4,1.17,0.04,2.12,6.45,0,0.01
5,2013-11-11,R5T5,2.03,1.01,1.25,6.18,0,0.06
5,2013-11-11,R5T6,4.33,0.06,1.31,7.98,0.06,0.04
5,2013-11-11,R5T7,4.88,0.41,1.29,9.07,0,0
5,2013-11-11,R5T8,5.76,0.17,1.72,10.95,0.09,0
5,2013-11-11,R5TA,0.1218,0.2221,0.0121,2.7579,0.0805,0.0585
6,2013-11-11,R6T1,2.98,4.01,0.4,9.18,0,0
6,2013-11-11,R6T2,2.63,0.21,0.52,7.48,0.33,0.05
6,2013-11-11,R6T3,10.67,0.12,0.74,8.37,0,0
6,2013-11-11,R6T4,37.12,0.23,0.31,10.66,0.05,0.01
6,2013-11-11,R6T5,1.56,0.11,0.25,5.52,0,0.1
6,2013-11-11,R6T6,4.05,0.2,0.27,9.59,0.03,0
6,2013-11-11,R6T7,4.69,8.62,0.39,8.01,0.01,0.03
6,2013-11-11,R6T8,3.06,0.18,0.36,7.41,0,0.01
6,2013-11-11,R6TA,0.219,0.154,0.0229,2.7148,0.0446,0.0461
1,2013-12-12,R1T1,1.1152,0.1876,0.2301,2.118,0,0
1,2013-12-12,R1T2,5.2246,0.2206,0,1.083,0,0.0483
1,2013-12-12,R1T3,2.9313,0.3897,0,0.6702,0,0.0031
1,2013-12-12,R1T4,0.0649,0.8308,0.531,0.9877,0,0
1,2013-12-12,R1T5,3.8071,0.4677,0.1022,0.5011,0,0.1375
1,2013-12-12,R1T6,0.7569,0.5939,0.0906,1.6048,0,0.0477
1,2013-12-12,R1T7,0.0278,0.5375,0,2.1982,0.0255,0
1,2013-12-12,R1T8,0.252,0.9137,0.0956,0.7248,0,0.0441
1,2013-12-12,R1TA,0.1362,0.351,0.047,1.5548,0.03,0.1101
2,2013-12-12,R2T1,1.0614,0.9681,0.53,1.9455,0,0.447
2,2013-12-12,R2T2,0.3072,0.8632,0.1399,1.2602,0,0
2,2013-12-12,R2T3,0.8947,1.0993,0.2683,2.0584,0,0.2806
2,2013-12-12,R2T4,0.9124,1.2723,0.0959,2.7691,0,0.1169
2,2013-12-12,R2T5,0.1795,1.91,0.3544,2.3341,0,0.3847
2,2013-12-12,R2T6,0.6936,1.2891,0.2114,2.8404,0.0167,0.0741
2,2013-12-12,R2T7,4.5241,1.1894,0.7468,1.8557,0,0.116
2,2013-12-12,R2T8,13.0353,1.2664,0.42,0.7481,0.0083,0.0029
2,2013-12-12,R2TA,0.2316,0.5097,0.0522,2.8341,0.0921,0.0873
3,2013-12-12,R3T1,2.1103,0.6476,0.168,3.2279,0,0.0014
3,2013-12-12,R3T2,0.2021,0.72,0.2358,3.603,0,0.0019
3,2013-12-12,R3T3,6.0234,0.6778,0.1104,1.5462,0,0.0015
3,2013-12-12,R3T4,0.751,1.0276,0.2478,3.9228,0,0.0049
3,2013-12-12,R3T5,0.3616,0.945,0.0405,3.0654,0,0.1688
3,2013-12-12,R3T6,0.7983,1.1258,0.1167,2.672,0,0.0025
3,2013-12-12,R3T7,2.9844,1.0514,0.3484,5.7734,0,0.0609
3,2013-12-12,R3T8,1.2492,2.8221,0.2698,5.8174,0,0.0043
3,2013-12-12,R3TA,0.0404,0.1351,0.0932,3.6502,0.058,0.022
4,2013-12-12,R4T1,1.6082,1.0246,0,1.9821,0,0.0016
4,2013-12-12,R4T2,0.9156,0.8134,0.0065,0.9195,0.0069,0.0012
4,2013-12-12,R4T3,1.2126,3.0626,0.2677,2.1938,0,0.0323
4,2013-12-12,R4T4,1.1672,1.5709,0.0444,1.9492,0,0.0038
4,2013-12-12,R4T5,2.2777,3.6247,0.1489,4.5792,0.0128,0.0844
4,2013-12-12,R4T6,0.2282,1.015,0.1376,1.3929,0,0.037
4,2013-12-12,R4T7,1.5992,2.0889,0.1635,1.6716,0.0565,0.0462
4,2013-12-12,R4T8,0.5438,1.4681,0.0965,3.1072,0.0592,0
4,2013-12-12,R4TA,0.0741,0.5252,0.0438,2.7271,0.053,0.0391
5,2013-12-12,R5T1,3.0951,0.8507,0.3762,3.9174,0.0096,0.1901
5,2013-12-12,R5T2,3.3345,1.1665,0.3358,3.66,0,0.2935
5,2013-12-12,R5T3,0.8028,1.6218,0.3204,2.8109,0,0.0478
5,2013-12-12,R5T4,1.2038,1.8593,0.4089,3.1893,0.0201,0.0117
5,2013-12-12,R5T5,2.7718,1.4729,0.8289,3.4439,0.0038,0.452
5,2013-12-12,R5T6,1.0333,5.4544,0.4711,4.0117,0.2036,0
5,2013-12-12,R5T7,9.5395,1.6185,0.1926,5.8185,0.0614,0.38
5,2013-12-12,R5T8,2.5309,3.1033,0.2422,9.0877,0.0753,0.0328
5,2013-12-12,R5TA,0.4115,0.2215,0.0205,6.352,0.0305,0.0563
6,2013-12-12,R6T1,1.8238,7.4694,0.3439,6.0883,0.2082,0.0144
6,2013-12-12,R6T2,0.4361,1.6255,0.8131,2.4437,0.0518,0.0032
6,2013-12-12,R6T3,11.2194,1.502,0.232,2.6455,0.0058,0.1657
6,2013-12-12,R6T4,2.0333,8.9212,0.7869,2.134,0.2778,0.0789
6,2013-12-12,R6T5,2.8154,4.1855,0.1943,4.2928,0.0153,0.0175
6,2013-12-12,R6T6,0.2081,1.7204,0.5375,2.8713,0.0334,0.0732
6,2013-12-12,R6T7,2.9332,0.9947,0.0623,3.3775,0.0632,0.0385
6,2013-12-12,R6T8,2.3311,4.9216,0.1098,3.2352,0.5333,0.1007
6,2013-12-12,R6TA,0.1971,0.3214,0.0238,5.8884,0.1029,0.1098
