"ring","Date","trap","twig","bark","seed","leaf","year"
1,2020-09-10,"1",1.34,0.03,0.86,6.96,"2020"
1,2020-09-10,"2",0.47,0,0.63,4.45,"2020"
1,2020-09-10,"3",6.23,0.06,0.98,7.19,"2020"
1,2020-09-10,"4",2.23,0.83,2.1,6.49,"2020"
1,2020-09-10,"5",0.12,0.09,1.25,5.98,"2020"
1,2020-09-10,"6",NA,NA,NA,NA,"2020"
1,2020-09-10,"7",NA,NA,NA,NA,"2020"
1,2020-09-10,"8",NA,NA,NA,NA,"2020"
1,2020-09-10,"a",NA,NA,NA,NA,"2020"
2,2020-09-10,"1",0.88,0.04,0.31,9.85,"2020"
2,2020-09-10,"2",1.51,0.17,0.34,8.38,"2020"
2,2020-09-10,"3",0.23,2.02,0.16,9.75,"2020"
2,2020-09-10,"4",0.47,0.55,0.15,8.43,"2020"
2,2020-09-10,"5",0.62,0.04,0.5,5.94,"2020"
2,2020-09-10,"6",NA,NA,NA,NA,"2020"
2,2020-09-10,"7",NA,NA,NA,NA,"2020"
2,2020-09-10,"8",NA,NA,NA,NA,"2020"
2,2020-09-10,"a",NA,NA,NA,NA,"2020"
3,2020-09-10,"1",3.76,2.62,1.14,12.58,"2020"
3,2020-09-10,"2",0.08,0.6,0.84,6.72,"2020"
3,2020-09-10,"3",0.65,0,0.55,9.8,"2020"
3,2020-09-10,"4",0.22,0,0.78,6.72,"2020"
3,2020-09-10,"5",0.13,0,0.57,10.69,"2020"
3,2020-09-10,"6",NA,NA,NA,NA,"2020"
3,2020-09-10,"7",NA,NA,NA,NA,"2020"
3,2020-09-10,"8",NA,NA,NA,NA,"2020"
3,2020-09-10,"a",NA,NA,NA,NA,"2020"
4,2020-09-10,"1",0.64,0,0.78,7.02,"2020"
4,2020-09-10,"2",0.11,0,0.27,7.05,"2020"
4,2020-09-10,"3",0.07,0.76,0.99,5.5,"2020"
4,2020-09-10,"4",0.74,0.69,0.45,6.87,"2020"
4,2020-09-10,"5",0.17,0,1.22,5.04,"2020"
4,2020-09-10,"6",NA,NA,NA,NA,"2020"
4,2020-09-10,"7",NA,NA,NA,NA,"2020"
4,2020-09-10,"8",NA,NA,NA,NA,"2020"
4,2020-09-10,"a",NA,NA,NA,NA,"2020"
5,2020-09-10,"1",0.52,0.08,3.17,11.31,"2020"
5,2020-09-10,"2",0.03,0,0.96,8.64,"2020"
5,2020-09-10,"3",1.93,1.5,1.03,7.5,"2020"
5,2020-09-10,"4",0.19,0.18,2.4,10.68,"2020"
5,2020-09-10,"5",1,0.13,2.87,4.12,"2020"
5,2020-09-10,"6",NA,NA,NA,NA,"2020"
5,2020-09-10,"7",NA,NA,NA,NA,"2020"
5,2020-09-10,"8",NA,NA,NA,NA,"2020"
5,2020-09-10,"a",NA,NA,NA,NA,"2020"
6,2020-09-10,"1",0.81,0,1.31,11.11,"2020"
6,2020-09-10,"2",2.2,0,0.51,7.81,"2020"
6,2020-09-10,"3",0.21,0.09,0.63,8.75,"2020"
6,2020-09-10,"4",0.18,0.18,2.15,9.44,"2020"
6,2020-09-10,"5",0.16,1.45,0.29,10.23,"2020"
6,2020-09-10,"6",NA,NA,NA,NA,"2020"
6,2020-09-10,"7",NA,NA,NA,NA,"2020"
6,2020-09-10,"8",NA,NA,NA,NA,"2020"
6,2020-09-10,"a",NA,NA,NA,NA,"2020"
1,NA,"1",8.69,0,1.36,15.42,NA
1,NA,"2",1.7,0,1.06,8.67,NA
1,NA,"3",0.48,0.05,1.02,9.56,NA
1,NA,"4",32.54,15.36,1,11.52,NA
1,NA,"5",2.05,0,0.96,9.9,NA
1,NA,"6",0.36,0,0.43,3.86,NA
1,NA,"7",0.1,0,0.06,5.71,NA
1,NA,"8",0.41,0,0,4.48,NA
1,NA,"a",NA,NA,NA,NA,NA
2,NA,"1",3.85,0.23,0.66,8.57,NA
2,NA,"2",2.31,0.07,0.48,11.41,NA
2,NA,"3",1.58,0.03,1.01,11.91,NA
2,NA,"4",0.82,0.12,0,9.22,NA
2,NA,"5",2.98,0.14,1.34,12.3,NA
2,NA,"6",0.52,0.01,1.3,7.91,NA
2,NA,"7",0.15,0.04,0.55,5.27,NA
2,NA,"8",0.61,0,0.18,6.94,NA
2,NA,"a",NA,NA,NA,NA,NA
3,NA,"1",7.54,0.07,1.3,13.12,NA
3,NA,"2",1.43,0.33,1.4,13.2,NA
3,NA,"3",2.93,1.24,1.73,15.08,NA
3,NA,"4",3.43,4.43,1.29,14.02,NA
3,NA,"5",3.54,0.41,1.2,16.57,NA
3,NA,"6",1.5,0,0.67,11.46,NA
3,NA,"7",0.72,0,1,9.75,NA
3,NA,"8",0.37,0.07,0.38,6.54,NA
3,NA,"a",NA,NA,NA,NA,NA
4,NA,"1",1.75,0,1.06,10.7,NA
4,NA,"2",0.52,0,0.31,11.88,NA
4,NA,"3",0.25,0.02,0.84,10.25,NA
4,NA,"4",0.22,1.62,0.35,11.32,NA
4,NA,"5",0.03,0.01,0.31,9.6,NA
4,NA,"6",3.75,0,2.99,11.69,NA
4,NA,"7",3.06,0,0.19,13.79,NA
4,NA,"8",0.07,0,0.34,3.47,NA
4,NA,"a",NA,NA,NA,NA,NA
5,NA,"1",1.69,0,2.45,12.86,NA
5,NA,"2",0.05,0,1.09,8.35,NA
5,NA,"3",3.04,0.39,0.77,12.21,NA
5,NA,"4",0.45,0,1.92,12.55,NA
5,NA,"5",3.76,0.25,2.18,13.96,NA
5,NA,"6",1.99,0,0.8,16.81,NA
5,NA,"7",0.48,0,1.69,11.48,NA
5,NA,"8",5.36,0.03,0.62,10.14,NA
5,NA,"a",NA,NA,NA,NA,NA
6,NA,"1",0.96,0.4,0.66,8.18,NA
6,NA,"2",1.62,0,0.73,11.35,NA
6,NA,"3",0.02,0.23,0.78,13.92,NA
6,NA,"4",0.76,0.08,1.22,10.91,NA
6,NA,"5",1.6,0.64,0.57,13.55,NA
6,NA,"6",0.56,0,0,6.82,NA
6,NA,"7",1.22,1.64,0.26,4.71,NA
6,NA,"8",0.4,1.67,0,6.79,NA
6,NA,"a",NA,NA,NA,NA,NA
1,2020-11-12,"1",3.29,0.25,4.93,10.1,"2020"
1,2020-11-12,"2",0.98,0.46,1.08,3.92,"2020"
1,2020-11-12,"3",3.37,0.44,1.06,7.08,"2020"
1,2020-11-12,"4",3.47,0.3,1.6,6.75,"2020"
1,2020-11-12,"5",2.48,0.11,2.02,6.58,"2020"
1,2020-11-12,"6",1.17,0.26,3.01,5.43,"2020"
1,2020-11-12,"7",1.39,0.07,1.93,9.3,"2020"
1,2020-11-12,"8",2.58,0.41,1.48,6.28,"2020"
1,2020-11-12,"a",NA,NA,NA,NA,"2020"
2,2020-11-12,"1",0.93,0.53,0,9.02,"2020"
2,2020-11-12,"2",0.68,1.08,0.58,8.43,"2020"
2,2020-11-12,"3",2.06,0.84,2.13,8.67,"2020"
2,2020-11-12,"4",3.96,2.66,0.07,5.61,"2020"
2,2020-11-12,"5",2.39,1.35,0.54,7.09,"2020"
2,2020-11-12,"6",0.91,0.4,0.73,7.89,"2020"
2,2020-11-12,"7",6.73,2.45,2.05,10.89,"2020"
2,2020-11-12,"8",7.51,0.31,1.14,9.8,"2020"
2,2020-11-12,"a",NA,NA,NA,NA,"2020"
3,2020-11-12,"1",8.18,0.77,0.91,3.51,"2020"
3,2020-11-12,"2",8.26,0.13,0.47,6.77,"2020"
3,2020-11-12,"3",2.42,0.49,0.18,4.5,"2020"
3,2020-11-12,"4",3.35,0.45,1.05,8.64,"2020"
3,2020-11-12,"5",14.09,0.3,1.02,9.52,"2020"
3,2020-11-12,"6",3.96,0.21,0.82,7.91,"2020"
3,2020-11-12,"7",5.68,0.71,1.16,6.34,"2020"
3,2020-11-12,"8",3.16,1.27,0.58,8.19,"2020"
3,2020-11-12,"a",NA,NA,NA,NA,"2020"
4,2020-11-12,"1",2.7,0.3,0.98,4.21,"2020"
4,2020-11-12,"2",0.87,0.27,0.07,4.69,"2020"
4,2020-11-12,"3",3.1,0.52,0.98,6.45,"2020"
4,2020-11-12,"4",5.34,2.11,0.27,5.3,"2020"
4,2020-11-12,"5",0.99,2.65,2.53,6.77,"2020"
4,2020-11-12,"6",13.16,0.45,1.5,5.27,"2020"
4,2020-11-12,"7",1.77,0.36,0.27,3.91,"2020"
4,2020-11-12,"8",3.38,0.87,0.69,7.44,"2020"
4,2020-11-12,"a",NA,NA,NA,NA,"2020"
5,2020-11-12,"1",6.27,0.56,3.7,6.78,"2020"
5,2020-11-12,"2",9.53,0.16,0.82,9.12,"2020"
5,2020-11-12,"3",5.92,0.5,1.31,8.37,"2020"
5,2020-11-12,"4",5.29,4.68,2.15,8.29,"2020"
5,2020-11-12,"5",1.58,0.79,3.16,13.06,"2020"
5,2020-11-12,"6",10.38,0.36,5.26,19.39,"2020"
5,2020-11-12,"7",10.21,2.22,3.9,11.19,"2020"
5,2020-11-12,"8",7.65,2.69,2.45,13.2,"2020"
5,2020-11-12,"a",NA,NA,NA,NA,"2020"
6,2020-11-12,"1",5.52,0.61,1.34,7.73,"2020"
6,2020-11-12,"2",8.12,4.81,0.35,10.72,"2020"
6,2020-11-12,"3",3.32,2.72,1.36,9.55,"2020"
6,2020-11-12,"4",7.56,0.6,2.17,11.56,"2020"
6,2020-11-12,"5",8.86,2.43,1.68,10.64,"2020"
6,2020-11-12,"6",3.07,10.46,1.22,12.67,"2020"
6,2020-11-12,"7",2.13,0.84,0.5,11.73,"2020"
6,2020-11-12,"8",19.75,0.97,0.2,10.16,"2020"
6,2020-11-12,"a",NA,NA,NA,NA,"2020"
1,2021-08-01,"1",10.13,2.29,0.61,3.71,"2021"
1,2021-08-01,"2",1.07,1.35,0.44,2,"2021"
1,2021-08-01,"3",3.53,2.62,0.18,2.7,"2021"
1,2021-08-01,"4",4.61,0.57,1.1,2.82,"2021"
1,2021-08-01,"5",5.8,0.95,0.45,2.44,"2021"
1,2021-08-01,"6",3.58,1.44,1.53,5.36,"2021"
1,2021-08-01,"7",1.84,1.48,1.98,3.56,"2021"
1,2021-08-01,"8",0.93,1.18,0.9,1.1,"2021"
1,2021-08-01,"a",NA,NA,NA,NA,"2021"
2,2021-08-01,"1",1.14,4.56,0.46,4.41,"2021"
2,2021-08-01,"2",11.84,3.14,0.2,5.62,"2021"
2,2021-08-01,"3",2.2,2.02,0.61,5.27,"2021"
2,2021-08-01,"4",7.55,4.71,0.22,7.4,"2021"
2,2021-08-01,"5",6.14,3.23,0.76,5.19,"2021"
2,2021-08-01,"6",0.1,2.68,0.27,3.82,"2021"
2,2021-08-01,"7",1.12,1.68,0.78,5.42,"2021"
2,2021-08-01,"8",0.63,2.25,0.54,6.25,"2021"
2,2021-08-01,"a",NA,NA,NA,NA,"2021"
3,2021-08-01,"1",0.6,0.71,0.66,5.6,"2021"
3,2021-08-01,"2",1.73,0.2,0.44,3.17,"2021"
3,2021-08-01,"3",2.24,0.54,0.39,1.68,"2021"
3,2021-08-01,"4",1.82,6.16,0.38,4.45,"2021"
3,2021-08-01,"5",0.24,0.22,0,2.47,"2021"
3,2021-08-01,"6",6.58,0.47,0.38,5.13,"2021"
3,2021-08-01,"7",1.53,1.05,1.15,4.16,"2021"
3,2021-08-01,"8",5.1,2.58,0.32,26.3,"2021"
3,2021-08-01,"a",NA,NA,NA,NA,"2021"
4,2021-08-01,"1",0.63,1.35,0.6,4.17,"2021"
4,2021-08-01,"2",6,1.48,0.09,3.61,"2021"
4,2021-08-01,"3",1.04,1,0.1,5.97,"2021"
4,2021-08-01,"4",2.8,0.4,0.46,2.57,"2021"
4,2021-08-01,"5",1.66,1.55,0.95,3.53,"2021"
4,2021-08-01,"6",8.7,4.59,0.98,3.93,"2021"
4,2021-08-01,"7",0.79,1.36,0.08,3.29,"2021"
4,2021-08-01,"8",0.48,2.24,0.77,4.45,"2021"
4,2021-08-01,"a",NA,NA,NA,NA,"2021"
5,2021-08-01,"1",3.56,3.42,0.88,7.37,"2021"
5,2021-08-01,"2",7.38,2.46,0.46,8.69,"2021"
5,2021-08-01,"3",5.05,0.84,1.3,4.34,"2021"
5,2021-08-01,"4",1.34,2.17,1.19,5.95,"2021"
5,2021-08-01,"5",10.31,4.24,1.85,6.91,"2021"
5,2021-08-01,"6",2.94,5.01,1.37,8.65,"2021"
5,2021-08-01,"7",5.48,5.8,0.98,9.11,"2021"
5,2021-08-01,"8",4.75,7.45,3.33,10.59,"2021"
5,2021-08-01,"a",NA,NA,NA,NA,"2021"
6,2021-08-01,"1",3.45,0.88,0.17,8.56,"2021"
6,2021-08-01,"2",2.33,1.06,0.7,5.94,"2021"
6,2021-08-01,"3",3.39,2.11,0.23,8.15,"2021"
6,2021-08-01,"4",5.82,1.68,1.44,9.83,"2021"
6,2021-08-01,"5",0.74,0.47,0.36,5.87,"2021"
6,2021-08-01,"6",6.16,4.17,0.55,6.78,"2021"
6,2021-08-01,"7",4.83,1.1,0.13,7.18,"2021"
6,2021-08-01,"8",1.66,2.81,0,5.61,"2021"
6,2021-08-01,"a",NA,NA,NA,NA,"2021"
1,NA,"1",0.6,6.61,0.5,2.21,NA
1,NA,"2",2.07,0.69,0.2,2.77,NA
1,NA,"3",1.91,1.49,1.82,2.12,NA
1,NA,"4",1.81,1.72,0.7,4.98,NA
1,NA,"5",2.51,0.89,2.04,3.12,NA
1,NA,"6",0.8,5.98,0.53,3.99,NA
1,NA,"7",1.66,0.68,0.66,3.93,NA
1,NA,"8",0.84,1.14,0.25,2.71,NA
1,NA,"a",NA,NA,NA,NA,NA
2,NA,"1",1.33,4.55,0.67,5.6,NA
2,NA,"2",1.14,0.48,0.37,4.2,NA
2,NA,"3",1.3,2.43,2.95,4.69,NA
2,NA,"4",2.37,1.77,0.59,3.97,NA
2,NA,"5",19.26,1.71,0.98,2.93,NA
2,NA,"6",1.72,3.35,0.52,3.73,NA
2,NA,"7",1.48,6.5,0.73,3.05,NA
2,NA,"8",0.79,3.78,0.91,5.4,NA
2,NA,"a",NA,NA,NA,NA,NA
3,NA,"1",3.14,1.37,0.3,1.16,NA
3,NA,"2",1.93,1.63,0.84,2.71,NA
3,NA,"3",0.19,6.49,0.7,2.13,NA
3,NA,"4",2.89,1.45,0.337,2.3,NA
3,NA,"5",1.6,5.7,0.493,2.47,NA
3,NA,"6",1.77,1.9,0.5,3.85,NA
3,NA,"7",0.65,3.84,0.65,4.11,NA
3,NA,"8",1.37,2.6,1.02,1.98,NA
3,NA,"a",NA,NA,NA,NA,NA
4,NA,"1",6.52,0.78,0.64,2.5,NA
4,NA,"2",1.33,2.62,0.156,1.76,NA
4,NA,"3",2.53,0.59,0.867,3.91,NA
4,NA,"4",3.19,0.68,0.41,3.22,NA
4,NA,"5",1.77,0.43,1.18,2.87,NA
4,NA,"6",5.5,0.91,0.888,2.78,NA
4,NA,"7",0,0.85,0.08,3.18,NA
4,NA,"8",0.44,1.1,0.65,3.2,NA
4,NA,"a",NA,NA,NA,NA,NA
5,NA,"1",2.29,2.29,1.923,4.56,NA
5,NA,"2",1.52,4.44,1.605,1.74,NA
5,NA,"3",3.26,1.15,1.47,2.73,NA
5,NA,"4",3.62,3.16,1.905,3.14,NA
5,NA,"5",2.07,2.78,0.46,7.38,NA
5,NA,"6",4.71,2.63,1.01,4.8,NA
5,NA,"7",4.45,12.81,0,5.61,NA
5,NA,"8",1.74,12.42,0.91,7.01,NA
5,NA,"a",NA,NA,NA,NA,NA
6,NA,"1",6.68,1.2,0.29,5.35,NA
6,NA,"2",2.36,1.2,0.12,6.91,NA
6,NA,"3",0.85,1.26,0,4.59,NA
6,NA,"4",2.67,4.1,0.49,5.71,NA
6,NA,"5",7.79,1.51,0.271,4.48,NA
6,NA,"6",1.93,7.93,0.425,5.49,NA
6,NA,"7",2.04,2.41,0.82,6.4,NA
6,NA,"8",6.35,0.21,0.12,4.37,NA
6,NA,"a",NA,NA,NA,NA,NA
1,NA,"1",1.96,0.54,0.81,3.48,NA
1,NA,"2",0.42,0.18,0.03,2.51,NA
1,NA,"3",4.56,0.12,0.93,5.67,NA
1,NA,"4",1.07,0.89,0,5.27,NA
1,NA,"5",0.13,0,0,1.75,NA
1,NA,"6",0,0,0,3.58,NA
1,NA,"7",0.41,0,0,4.94,NA
1,NA,"8",1.08,1.78,0.44,3.86,NA
1,NA,"a",1.8707,0.6148,2.0666,2.6992,NA
2,NA,"1",0.48,0.11,0.08,4.96,NA
2,NA,"2",0.93,4.47,0.13,5.2,NA
2,NA,"3",0.15,0.2,0.21,5.89,NA
2,NA,"4",1.22,0.46,0.03,6.16,NA
2,NA,"5",2.45,0.04,1.28,3.13,NA
2,NA,"6",0.58,0,0.17,4.25,NA
2,NA,"7",0.69,1.23,0.41,3.84,NA
2,NA,"8",0.77,0.14,0.2,4.72,NA
2,NA,"a",1.15,0.2434,0.8698,2.5677,NA
3,NA,"1",0.19,0.15,0.45,0.4,NA
3,NA,"2",1.07,3.81,0.14,0.91,NA
3,NA,"3",0.19,0.07,0.18,2.5,NA
3,NA,"4",4.58,0,0.32,1.79,NA
3,NA,"5",0.5,0.31,0.65,4.8,NA
3,NA,"6",7.9,0,3.28,22.48,NA
3,NA,"7",0.91,0.68,0.41,1.88,NA
3,NA,"8",0.44,0.02,1.07,1.99,NA
3,NA,"a",0.3411,0.6954,1.5261,0.4837,NA
4,NA,"1",0.09,0.03,0.39,2.66,NA
4,NA,"2",0.19,0,0.04,5.24,NA
4,NA,"3",1.84,0,0.72,4.29,NA
4,NA,"4",0.14,0.13,0.24,2.42,NA
4,NA,"5",0.04,0.25,0.54,4.78,NA
4,NA,"6",1.2,0.23,0.16,4.39,NA
4,NA,"7",0,0.11,0,6.82,NA
4,NA,"8",0.43,0.51,0.2,4.13,NA
4,NA,"a",0.2098,0.1123,0.7082,2.2842,NA
5,NA,"1",0.44,2.1,0.77,2.34,NA
5,NA,"2",0.02,0.69,0.11,1.32,NA
5,NA,"3",0.71,7.82,0.54,3.08,NA
5,NA,"4",4.42,0.06,0.86,1.35,NA
5,NA,"5",1.63,0.1,0.05,4.65,NA
5,NA,"6",0.15,0.39,0.35,2.38,NA
5,NA,"7",0.27,0.2,0.7,2.07,NA
5,NA,"8",1.74,0.37,0.63,6.36,NA
5,NA,"a",1.299,0.5639,6.3772,0.9962,NA
6,NA,"1",1.32,0.03,0.29,1.97,NA
6,NA,"2",0,14.12,0,3.09,NA
6,NA,"3",1.45,0,0.02,2.2,NA
6,NA,"4",1.71,0,0.95,1.48,NA
6,NA,"5",1.37,0,0.4,4.34,NA
6,NA,"6",0.53,0.21,0.24,2.56,NA
6,NA,"7",1.33,0,0.1,3.93,NA
6,NA,"8",0,0,0,0,NA
6,NA,"a",0.4703,0.2885,6.424,0.9299,NA
1,2021-09-04,"1",0.64,0.05,0.513,3.77,"2021"
1,2021-09-04,"2",0.38,0,0.069,4.67,"2021"
1,2021-09-04,"3",0.55,0,0.319,5.55,"2021"
1,2021-09-04,"4",0.32,0.22,0.859,4.13,"2021"
1,2021-09-04,"5",0.39,0.48,0.861,4.95,"2021"
1,2021-09-04,"6",0.41,0.03,1.136,5.85,"2021"
1,2021-09-04,"7",1.48,0,1.187,5.75,"2021"
1,2021-09-04,"8",0.2,0.04,0.418,5.09,"2021"
1,2021-09-04,"a",0.1498,0.1316,1.0766,1.5742,"2021"
2,2021-09-04,"1",0.12,0.07,0.281,5.69,"2021"
2,2021-09-04,"2",0.15,0.1,0.127,3.54,"2021"
2,2021-09-04,"3",0.92,0,0.827,6.4,"2021"
2,2021-09-04,"4",0.2,0,0.419,4.26,"2021"
2,2021-09-04,"5",12.3,1.12,0.791,5.27,"2021"
2,2021-09-04,"6",0.61,0,0.43,6.01,"2021"
2,2021-09-04,"7",0.5,0.3,0.658,7.06,"2021"
2,2021-09-04,"8",0.47,0.04,0.776,9.2,"2021"
2,2021-09-04,"a",0.3187,0.1927,0.9621,1.1773,"2021"
3,2021-09-04,"1",0.28,0,0.732,1.84,"2021"
3,2021-09-04,"2",0.19,0.01,1.479,1.76,"2021"
3,2021-09-04,"3",0.37,0.34,0.523,0.97,"2021"
3,2021-09-04,"4",0.7,0,1.891,1.5,"2021"
3,2021-09-04,"5",4.38,0,0.235,2.82,"2021"
3,2021-09-04,"6",0.4,0.21,1.784,2.46,"2021"
3,2021-09-04,"7",1.15,3.71,3.703,1.87,"2021"
3,2021-09-04,"8",0.17,1.19,3.201,2.75,"2021"
3,2021-09-04,"a",0.2226,0.1886,0.2641,1.0287,"2021"
4,2021-09-04,"1",0.08,0,0.956,2.67,"2021"
4,2021-09-04,"2",0.04,0.02,0.046,2.19,"2021"
4,2021-09-04,"3",0.11,2.66,2.612,2.28,"2021"
4,2021-09-04,"4",0.34,0,0.912,2.28,"2021"
4,2021-09-04,"5",0.05,0.04,2.413,2.01,"2021"
4,2021-09-04,"6",0.61,0.08,0.642,1.5,"2021"
4,2021-09-04,"7",0.03,0.05,0.434,3.09,"2021"
4,2021-09-04,"8",0.31,0,0.276,3.89,"2021"
4,2021-09-04,"a",0.1599,0.1351,0.3522,0.7734,"2021"
5,2021-09-04,"1",4.23,0.17,1.497,9.72,"2021"
5,2021-09-04,"2",1.76,0.19,1.032,5.08,"2021"
5,2021-09-04,"3",3.06,0.89,2.261,3.79,"2021"
5,2021-09-04,"4",0.09,4.37,0.525,2.46,"2021"
5,2021-09-04,"5",0,2.46,1.909,1.56,"2021"
5,2021-09-04,"6",0.29,0.44,1.154,2.61,"2021"
5,2021-09-04,"7",0.22,0.4,0.924,4.03,"2021"
5,2021-09-04,"8",2.66,0.1,0.296,3.3,"2021"
5,2021-09-04,"a",0.3279,0.2671,1.3616,1.3637,"2021"
6,2021-09-04,"1",0.41,0,0.239,2.2,"2021"
6,2021-09-04,"2",1.39,0.02,0.447,1.38,"2021"
6,2021-09-04,"3",0.13,0,0.125,3.08,"2021"
6,2021-09-04,"4",3.28,0.13,0.608,1.69,"2021"
6,2021-09-04,"5",0.21,0,0.61,2,"2021"
6,2021-09-04,"6",0.71,0,0.37,4.9,"2021"
6,2021-09-04,"7",0.61,0.02,0.026,3.93,"2021"
6,2021-09-04,"8",2.04,0,0.223,5.52,"2021"
6,2021-09-04,"a",0.2604,0.4593,0.7523,0.9555,"2021"
1,NA,"1",0.04,0.48,0.11,3.72,NA
1,NA,"2",0.94,0.02,0.1,3.13,NA
1,NA,"3",2.08,0,0.28,2.19,NA
1,NA,"4",2.81,1.26,0.34,3.65,NA
1,NA,"5",0.76,0,0.04,8.37,NA
1,NA,"6",14.2,7.81,0.06,2.24,NA
1,NA,"7",0.1,0.02,0.71,5.02,NA
1,NA,"8",0.83,3.13,0,4.38,NA
1,NA,"a",0.3279,0.2671,1.3616,1.3637,NA
2,NA,"1",2.66,0,0,2.88,NA
2,NA,"2",0.14,0.23,0.04,2.97,NA
2,NA,"3",0.49,0.1,1,3.91,NA
2,NA,"4",0.04,0,0.14,2.19,NA
2,NA,"5",0.31,0.88,0.62,1.53,NA
2,NA,"6",0.4,0,0.45,2.42,NA
2,NA,"7",0.27,0.01,0.79,2.69,NA
2,NA,"8",0,1.89,0,2.09,NA
2,NA,"a",0.3187,0.1927,0.9621,1.1773,NA
3,NA,"1",0.07,0,0.56,1.45,NA
3,NA,"2",0.18,0.03,1.02,1.22,NA
3,NA,"3",0.16,0,0.37,1.65,NA
3,NA,"4",0.16,0,0.26,2.35,NA
3,NA,"5",0.03,0,0.12,1.38,NA
3,NA,"6",2.17,0,1.28,1.36,NA
3,NA,"7",2.96,0.09,1.24,1.7,NA
3,NA,"8",4.85,4.59,0.49,1.73,NA
3,NA,"a",0.2226,0.1886,0.2641,1.0287,NA
4,NA,"1",1.33,0.15,1.4,3.03,NA
4,NA,"2",6.62,0.03,0.12,1.34,NA
4,NA,"3",0.02,0.11,1.04,0.99,NA
4,NA,"4",0.06,0,0.52,1.05,NA
4,NA,"5",0.36,0.02,0.53,2.01,NA
4,NA,"6",8.35,0.02,0.74,0.75,NA
4,NA,"7",0.07,0.09,0,2.05,NA
4,NA,"8",1.2,17.71,0.41,1.79,NA
4,NA,"a",0.1599,0.1351,0.3522,0.7734,NA
5,NA,"1",0.43,0,0.74,2.03,NA
5,NA,"2",0.33,0.06,0.27,1.78,NA
5,NA,"3",0.44,0.22,0.76,1.23,NA
5,NA,"4",0.03,0,0.67,1.48,NA
5,NA,"5",2.08,0.05,0.46,3.7,NA
5,NA,"6",0.14,0,1.23,1.63,NA
5,NA,"7",0.57,0,1.08,2.01,NA
5,NA,"8",2.39,0,0.68,5.72,NA
5,NA,"a",0.352,0.1062,1.0766,1.5742,NA
6,NA,"1",1.18,0.03,0.34,1.66,NA
6,NA,"2",0.33,0,0,2.54,NA
6,NA,"3",0.53,0,0.21,2.55,NA
6,NA,"4",0.04,2.69,0.58,1.24,NA
6,NA,"5",0.4,0,0,2.7,NA
6,NA,"6",1.07,4.1,0.1,1.09,NA
6,NA,"7",1.96,0,0,1.82,NA
6,NA,"8",0.43,0.17,0,1.89,NA
6,NA,"a",0.2604,0.4593,0.7523,0.9555,NA
1,NA,"1",2.15,9.94,0.36,3.21,NA
1,NA,"2",0.93,0.21,0.11,2.28,NA
1,NA,"3",5.15,2.56,0.29,3.51,NA
1,NA,"4",1.15,3.34,0.67,1.08,NA
1,NA,"5",0.49,0.62,0.56,1.71,NA
1,NA,"6",0.34,0.15,1.11,2.47,NA
1,NA,"7",0.86,1.11,0.35,5.17,NA
1,NA,"8",0.67,1.06,0.25,2.24,NA
1,NA,"a",0.1209,0.1351,0.2436,0.3363,NA
2,NA,"1",0.06,0,0.27,0.91,NA
2,NA,"2",0.94,0,0.3,2.59,NA
2,NA,"3",3.08,0,0.16,2.7,NA
2,NA,"4",0.06,0,0.3,3.46,NA
2,NA,"5",0.08,0.57,0.31,4.13,NA
2,NA,"6",0.05,0,0.13,1.42,NA
2,NA,"7",7.37,0.03,0.44,4.24,NA
2,NA,"8",0.94,0.12,0.57,3.12,NA
2,NA,"a",0.0536,0.0749,0.2436,0.3039,NA
3,NA,"1",0.04,0.4,0.21,1.34,NA
3,NA,"2",1.09,0,0.9,0.34,NA
3,NA,"3",0,0.04,0.21,0.22,NA
3,NA,"4",0.76,0,0.16,2.7,NA
3,NA,"5",0.32,0,0.37,2.31,NA
3,NA,"6",0.43,0,0.71,1.07,NA
3,NA,"7",0,1.54,0.33,0.96,NA
3,NA,"8",1.58,0,0.33,2.31,NA
3,NA,"a",0.082,1.448,0.1846,0.377,NA
4,NA,"1",1.94,0,0.2,1.82,NA
4,NA,"2",0.03,0,0.1,2.3,NA
4,NA,"3",0.06,0.04,0.85,0.32,NA
4,NA,"4",0.14,3.07,1.62,1.6,NA
4,NA,"5",0.69,0.24,0.25,1.57,NA
4,NA,"6",0.05,0.05,0.07,0.35,NA
4,NA,"7",0,0,0,1.14,NA
4,NA,"8",0.38,0,0.47,2.33,NA
4,NA,"a",0.092,0.1352,0.09,0.345,NA
5,NA,"1",4.11,0,0.16,1.28,NA
5,NA,"2",0.57,0.07,0.22,1.33,NA
5,NA,"3",0.2,0,0.98,1.84,NA
5,NA,"4",0.43,0.09,0.11,2.06,NA
5,NA,"5",0.01,0.03,0.25,2.5,NA
5,NA,"6",6.15,0.15,0.6,1.76,NA
5,NA,"7",0.19,3.17,1,1.9,NA
5,NA,"8",0.43,0.03,0.57,1.82,NA
5,NA,"a",0.2942,0.2777,0.3208,0.651,NA
6,NA,"1",0.31,0.13,0.37,1.06,NA
6,NA,"2",1.32,0,0.33,3.16,NA
6,NA,"3",0.56,0.01,0.1,3.3,NA
6,NA,"4",0.16,0.14,0.22,1.93,NA
6,NA,"5",0.3,0.03,0.18,2.33,NA
6,NA,"6",1.57,0.34,0.23,2.1,NA
6,NA,"7",1.45,0,0,1.94,NA
6,NA,"8",0.2,1.44,0.05,2.18,NA
6,NA,"a",0.0658,0.1963,0.4204,1.0552,NA
1,2021-08-07,"1",1.55,0,0.43,2.11,"2021"
1,2021-08-07,"2",0.9,1.25,0.42,0.78,"2021"
1,2021-08-07,"3",5.47,0.43,0.18,3.25,"2021"
1,2021-08-07,"4",0.16,0,0.27,1.04,"2021"
1,2021-08-07,"5",0.02,0.43,0.28,2.11,"2021"
1,2021-08-07,"6",0.21,0,0.18,1.16,"2021"
1,2021-08-07,"7",0.21,0,0,2.36,"2021"
1,2021-08-07,"8",0.03,0.08,0.11,1.48,"2021"
1,2021-08-07,"a",0.0898,0.0874,0.3049,0.2448,"2021"
2,2021-08-07,"1",0.03,0.32,0,1.45,"2021"
2,2021-08-07,"2",0.05,0.02,0,1.57,"2021"
2,2021-08-07,"3",0.4,0,0,2.73,"2021"
2,2021-08-07,"4",0,0,0.04,1.48,"2021"
2,2021-08-07,"5",0,0,0.16,0.76,"2021"
2,2021-08-07,"6",0.02,0.03,0.31,2.76,"2021"
2,2021-08-07,"7",0.09,0.04,0.36,2.87,"2021"
2,2021-08-07,"8",0.04,0,0.89,2.37,"2021"
2,2021-08-07,"a",0.162,0.0325,0.1569,0.2457,"2021"
3,2021-08-07,"1",0.02,0,0.12,0.58,"2021"
3,2021-08-07,"2",0.34,0,0.21,0.5,"2021"
3,2021-08-07,"3",0.02,0,0.21,0.48,"2021"
3,2021-08-07,"4",0,0,0,1.4,"2021"
3,2021-08-07,"5",0.11,0.83,0.37,0.49,"2021"
3,2021-08-07,"6",0,0.02,0.27,1.08,"2021"
3,2021-08-07,"7",0.37,0,0.46,1.49,"2021"
3,2021-08-07,"8",2.7,0,0.32,2.25,"2021"
3,2021-08-07,"a",0.0491,0.059,0.1997,0.2219,"2021"
4,2021-08-07,"1",0.05,0.46,0.64,1.83,"2021"
4,2021-08-07,"2",0,4.33,0.02,0.3,"2021"
4,2021-08-07,"3",0,0,0.04,1.64,"2021"
4,2021-08-07,"4",0.03,12.99,0.3,1.41,"2021"
4,2021-08-07,"5",0.22,0.02,0.31,0.88,"2021"
4,2021-08-07,"6",0.12,0,0.07,1.13,"2021"
4,2021-08-07,"7",0,0,0.05,1.29,"2021"
4,2021-08-07,"8",0.04,0,0.12,0.47,"2021"
4,2021-08-07,"a",0.0287,0.064,0.1236,0.2558,"2021"
5,2021-08-07,"1",0.13,0,0,2.11,"2021"
5,2021-08-07,"2",4.95,0,0,1.03,"2021"
5,2021-08-07,"3",0.05,0,0.19,0.76,"2021"
5,2021-08-07,"4",0.07,0.49,0.19,1.5,"2021"
5,2021-08-07,"5",0.96,0,0.66,0.37,"2021"
5,2021-08-07,"6",0.13,0.02,0.6,0.91,"2021"
5,2021-08-07,"7",0.04,0,0.16,1.95,"2021"
5,2021-08-07,"8",0.76,0,0.43,1.96,"2021"
5,2021-08-07,"a",0.212,0.1162,0.1939,0.3424,"2021"
6,2021-08-07,"1",0.01,0,0.57,2.38,"2021"
6,2021-08-07,"2",1.09,0,0,2.48,"2021"
6,2021-08-07,"3",0.47,1.05,0.32,1.25,"2021"
6,2021-08-07,"4",0.15,0.65,0.1,2.5,"2021"
6,2021-08-07,"5",0.04,0.02,0.86,1.64,"2021"
6,2021-08-07,"6",0.59,0.04,0.02,1.77,"2021"
6,2021-08-07,"7",0.07,0,0.12,2.08,"2021"
6,2021-08-07,"8",0.11,0,0,2.24,"2021"
6,2021-08-07,"a",0.1831,0.1901,0.3756,0.6782,"2021"
1,NA,"1",8.35,0.12,2.66,8.76,NA
1,NA,"2",5.52,0.16,1.48,4.2,NA
1,NA,"3",6.67,0.57,3.51,8.77,NA
1,NA,"4",4.2,2.56,1.54,5.36,NA
1,NA,"5",2.55,0.79,2.94,6,NA
1,NA,"6",6.05,6.86,4.05,9.21,NA
1,NA,"7",4.7,2.28,1.06,4.51,NA
1,NA,"8",2.39,0,2.38,4.35,NA
1,NA,"a",0.211,0.272,0.2259,1.6214,NA
2,NA,"1",2.86,0.16,0.32,6.83,NA
2,NA,"2",3.57,1.62,0.65,7.02,NA
2,NA,"3",453.86,3.4,0.64,3.12,NA
2,NA,"4",8.5,0.29,1.72,8.32,NA
2,NA,"5",4.63,1.36,1.6,3.66,NA
2,NA,"6",2.01,0.13,0.6,7.42,NA
2,NA,"7",8.04,0.05,0.84,9.84,NA
2,NA,"8",10.48,2.53,4.47,7.14,NA
2,NA,"a",0.1587,0.1881,0.1254,1.3473,NA
3,NA,"1",1.92,0.08,1.29,2.76,NA
3,NA,"2",0.35,0.07,1.66,2.92,NA
3,NA,"3",3.96,1.91,1.28,8.72,NA
3,NA,"4",1,0,1.01,3.49,NA
3,NA,"5",5.28,0.04,0.37,3.8,NA
3,NA,"6",0.11,0.04,2.35,4.53,NA
3,NA,"7",10.02,0.36,3.64,2.68,NA
3,NA,"8",3.53,0.64,1.81,4.27,NA
3,NA,"a",0.0592,0.1535,0.1539,1.0867,NA
4,NA,"1",1.9,11.72,1.25,3.21,NA
4,NA,"2",1.66,0.11,1.02,6.36,NA
4,NA,"3",6.11,0.02,7,5.4,NA
4,NA,"4",1.98,0.07,4.57,2.4,NA
4,NA,"5",1.69,0.03,2.09,3.48,NA
4,NA,"6",1.2,0.7,1.63,3.85,NA
4,NA,"7",4.13,0.22,0.41,8.61,NA
4,NA,"8",3.06,12.44,1.29,6.07,NA
4,NA,"a",0.1559,0.1298,0.1304,1.0705,NA
5,NA,"1",4.74,0,2.57,4.07,NA
5,NA,"2",1.12,0.11,1.21,1.6,NA
5,NA,"3",1.3,0.28,1.5,5.53,NA
5,NA,"4",1.25,0.05,1.57,3.82,NA
5,NA,"5",1.36,1.14,0.99,3.2,NA
5,NA,"6",8.6,4.3,1.74,7.96,NA
5,NA,"7",1.45,0.14,1.68,5.71,NA
5,NA,"8",1.79,4.24,2.24,7.76,NA
5,NA,"a",0.2042,0.3557,0.3033,1.629,NA
6,NA,"1",4.88,2.05,1.55,6.26,NA
6,NA,"2",1.67,0.1,1.39,5.12,NA
6,NA,"3",3.06,0.09,0.46,4.96,NA
6,NA,"4",0.62,0.11,3.74,3.43,NA
6,NA,"5",4.46,0.37,2.11,7.25,NA
6,NA,"6",1.38,1.89,0.33,4.07,NA
6,NA,"7",16.81,0.32,0.64,5.37,NA
6,NA,"8",4.13,0.34,0.45,5.02,NA
6,NA,"a",0.3611,0.2609,0.1911,2.0485,NA
1,2021-10-09,"1",0.71,0,0.81,6.71,"2021"
1,2021-10-09,"2",2.22,0.11,0.66,5.43,"2021"
1,2021-10-09,"3",4.45,0.08,0.83,6.51,"2021"
1,2021-10-09,"4",0.42,0.38,0.57,3.51,"2021"
1,2021-10-09,"5",2.15,0,6.76,8.35,"2021"
1,2021-10-09,"6",0.19,3.93,4.38,5.96,"2021"
1,2021-10-09,"7",1.21,0.05,3.11,4.57,"2021"
1,2021-10-09,"8",1.65,8.44,0.81,8.87,"2021"
1,2021-10-09,"a",0.3782,0.0617,0.1669,1.6918,"2021"
2,2021-10-09,"1",2.25,0.06,0.71,5.82,"2021"
2,2021-10-09,"2",0.68,0,2.3,5.6,"2021"
2,2021-10-09,"3",2.29,0.05,0.31,6.69,"2021"
2,2021-10-09,"4",0.7,0.34,0.93,1.75,"2021"
2,2021-10-09,"5",2.48,0.05,1.3,4.74,"2021"
2,2021-10-09,"6",7.35,25.82,0.94,4.03,"2021"
2,2021-10-09,"7",1.56,1.08,1.25,4.3,"2021"
2,2021-10-09,"8",0.41,0,2.61,5.59,"2021"
2,2021-10-09,"a",0.3491,0.1799,0.0858,1.1486,"2021"
3,2021-10-09,"1",8.83,1.44,5.14,2.78,"2021"
3,2021-10-09,"2",0,4.89,3.45,2.84,"2021"
3,2021-10-09,"3",0.36,0.01,1.15,1.48,"2021"
3,2021-10-09,"4",0,0,1.56,4.52,"2021"
3,2021-10-09,"5",1.55,1.27,0.14,4.08,"2021"
3,2021-10-09,"6",3.14,0.01,3.01,2.66,"2021"
3,2021-10-09,"7",5.31,0.55,2.56,8.58,"2021"
3,2021-10-09,"8",0.01,0.14,0.69,3.13,"2021"
3,2021-10-09,"a",0.1659,0.0314,0.0413,0.877,"2021"
4,2021-10-09,"1",0.45,9.03,1.17,5.91,"2021"
4,2021-10-09,"2",0.05,1.56,0.77,4.49,"2021"
4,2021-10-09,"3",1.42,1.41,0.82,5.32,"2021"
4,2021-10-09,"4",2.02,0.13,2.92,1.76,"2021"
4,2021-10-09,"5",0.62,0.11,1.2,2.41,"2021"
4,2021-10-09,"6",0.87,0,1.25,2.64,"2021"
4,2021-10-09,"7",3.43,0.29,0.84,4.07,"2021"
4,2021-10-09,"8",1.59,0.11,0.69,3.46,"2021"
4,2021-10-09,"a",0.27,0.0921,0.0186,0.847,"2021"
5,2021-10-09,"1",1.08,0,2.48,5.05,"2021"
5,2021-10-09,"2",6.3,0.65,1.41,4.18,"2021"
5,2021-10-09,"3",0.41,0,5.52,4.29,"2021"
5,2021-10-09,"4",1.19,0,1.72,5.67,"2021"
5,2021-10-09,"5",3.31,0.06,2.33,5.87,"2021"
5,2021-10-09,"6",11.23,3.42,1.32,5.63,"2021"
5,2021-10-09,"7",3.03,0.03,1.78,8.14,"2021"
5,2021-10-09,"8",1.59,0.67,1.85,5.25,"2021"
5,2021-10-09,"a",0.4246,0.2217,0.0829,1.3345,"2021"
6,2021-10-09,"1",1.45,2.58,1.14,4.18,"2021"
6,2021-10-09,"2",1.75,0.12,0.66,3.72,"2021"
6,2021-10-09,"3",2.93,0,0.55,7.66,"2021"
6,2021-10-09,"4",11.17,0,0.84,8.44,"2021"
6,2021-10-09,"5",1.54,0.02,0.36,3.26,"2021"
6,2021-10-09,"6",0.67,2.81,0.42,3.32,"2021"
6,2021-10-09,"7",1.74,0.01,0.05,5.85,"2021"
6,2021-10-09,"8",6.59,0.04,0.23,5.09,"2021"
6,2021-10-09,"a",0.4249,0.2377,0.5354,1.9951,"2021"
1,2021-09-10,"1",1.63,1.38,0.7,7.69,"2021"
1,2021-09-10,"2",2.97,0.09,0.23,5.2,"2021"
1,2021-09-10,"3",5.24,0,0.85,8.7,"2021"
1,2021-09-10,"4",2.1,2.56,0.09,6.64,"2021"
1,2021-09-10,"5",2.33,0.14,3,6.76,"2021"
1,2021-09-10,"6",2.41,0,1.77,8.4,"2021"
1,2021-09-10,"7",1.81,0,0.9,6.96,"2021"
1,2021-09-10,"8",0.04,0,0.17,1.65,"2021"
1,2021-09-10,"a",0.5906,0.1758,0.4601,2.6307,"2021"
2,2021-09-10,"1",11.08,0.51,0.91,10.25,"2021"
2,2021-09-10,"2",1.52,0.18,1.78,8.89,"2021"
2,2021-09-10,"3",7.62,0,0.99,8.54,"2021"
2,2021-09-10,"4",8.18,0.32,1.55,4.53,"2021"
2,2021-09-10,"5",0.57,0.01,2.12,6.15,"2021"
2,2021-09-10,"6",10.19,1.43,1.07,7.18,"2021"
2,2021-09-10,"7",1.09,0.09,1.09,6.83,"2021"
2,2021-09-10,"8",3.69,0.32,1.73,7.13,"2021"
2,2021-09-10,"a",0.8278,0.4558,1.4624,4.1564,"2021"
3,2021-09-10,"1",4.77,2.18,1.66,4.7,"2021"
3,2021-09-10,"2",1.77,0.58,1.23,7.69,"2021"
3,2021-09-10,"3",2.63,2.81,0.76,6.53,"2021"
3,2021-09-10,"4",1.21,0,1.8,5.79,"2021"
3,2021-09-10,"5",1.08,0.1,0.37,7.62,"2021"
3,2021-09-10,"6",1.48,0.04,1.02,5.38,"2021"
3,2021-09-10,"7",0.24,0.1,0.74,5.7,"2021"
3,2021-09-10,"8",16.88,0,0.45,5.78,"2021"
3,2021-09-10,"a",0.4247,0.2989,0.245,3.0504,"2021"
4,2021-09-10,"1",0.74,0.38,0.72,4.43,"2021"
4,2021-09-10,"2",0.95,0.18,0.66,5.66,"2021"
4,2021-09-10,"3",3.37,0.1,0.89,3.52,"2021"
4,2021-09-10,"4",2.03,0.09,2.14,8.88,"2021"
4,2021-09-10,"5",0.77,0.24,0.47,8.8,"2021"
4,2021-09-10,"6",2.79,0.17,0.68,5.85,"2021"
4,2021-09-10,"7",3.88,0,0.39,6.87,"2021"
4,2021-09-10,"8",4.92,0.93,0.31,6.92,"2021"
4,2021-09-10,"a",0.4268,0.3078,0.5175,3.0712,"2021"
5,2021-09-10,"1",1.98,0.07,3.6,8.02,"2021"
5,2021-09-10,"2",1.1,0.08,0.73,6.64,"2021"
5,2021-09-10,"3",1.17,2.72,1.54,5.31,"2021"
5,2021-09-10,"4",0.88,0,1.53,3.92,"2021"
5,2021-09-10,"5",2.55,0,1.88,7.48,"2021"
5,2021-09-10,"6",2.8,0.48,1.43,6.72,"2021"
5,2021-09-10,"7",3.18,0.26,1.99,8.77,"2021"
5,2021-09-10,"8",4.99,0.26,1.75,11.98,"2021"
5,2021-09-10,"a",0.7178,0.3254,0.9558,3.2258,"2021"
6,2021-09-10,"1",3.93,2.21,0.73,8.92,"2021"
6,2021-09-10,"2",3.41,0,1.08,10.47,"2021"
6,2021-09-10,"3",2.42,0,1.17,4.86,"2021"
6,2021-09-10,"4",0.61,7.97,0.88,7.22,"2021"
6,2021-09-10,"5",3.41,1,1.52,9.56,"2021"
6,2021-09-10,"6",4.28,2.06,0.32,6.27,"2021"
6,2021-09-10,"7",4.08,3.05,0.5,5.98,"2021"
6,2021-09-10,"8",6.18,0.01,0.86,3.95,"2021"
6,2021-09-10,"a",0.4581,0.2627,0.5385,3.8602,"2021"
1,2021-11-11,"1",2.43,0.02,0.61,3.85,"2021"
1,2021-11-11,"2",1.23,0.01,0.06,3.71,"2021"
1,2021-11-11,"3",2.58,0.19,0.75,3.34,"2021"
1,2021-11-11,"4",1.15,0,0.19,4.72,"2021"
1,2021-11-11,"5",0.72,5.25,0.23,3.68,"2021"
1,2021-11-11,"6",1.46,0.02,0.26,6.36,"2021"
1,2021-11-11,"7",1.83,0.03,0.02,4.12,"2021"
1,2021-11-11,"8",0.46,0.02,0.03,0.75,"2021"
1,2021-11-11,"a",0.478,0.1293,0.2927,1.6978,"2021"
2,2021-11-11,"1",9.02,4.47,1.13,6.13,"2021"
2,2021-11-11,"2",8.47,5.68,1.92,8.25,"2021"
2,2021-11-11,"3",2.54,0.03,0.51,9.86,"2021"
2,2021-11-11,"4",1.13,0.05,1.74,6.81,"2021"
2,2021-11-11,"5",2.34,0.13,1.4,7.29,"2021"
2,2021-11-11,"6",1.61,0.01,0.98,5.15,"2021"
2,2021-11-11,"7",3.2,0.01,1.78,7.18,"2021"
2,2021-11-11,"8",13.58,0.12,0.68,6.78,"2021"
2,2021-11-11,"a",0.3711,0.1184,0.2659,2.057,"2021"
3,2021-11-11,"1",0.59,0.46,1.26,3.87,"2021"
3,2021-11-11,"2",0.72,0.1,1.22,8.13,"2021"
3,2021-11-11,"3",0.31,0.01,1.62,6.58,"2021"
3,2021-11-11,"4",1.87,0.09,2.8,5.08,"2021"
3,2021-11-11,"5",2.95,0.11,0.46,10.04,"2021"
3,2021-11-11,"6",5.55,0.14,0.43,5.14,"2021"
3,2021-11-11,"7",31.53,0.14,0.83,17.73,"2021"
3,2021-11-11,"8",6.63,0.13,0.87,10.66,"2021"
3,2021-11-11,"a",0.0841,0.1164,0.0025,2.1437,"2021"
4,2021-11-11,"1",2.89,0.93,0.79,5.78,"2021"
4,2021-11-11,"2",1.34,0.35,0.41,6.89,"2021"
4,2021-11-11,"3",1.48,0.08,1.01,6.11,"2021"
4,2021-11-11,"4",2.7,0.29,0.92,3.89,"2021"
4,2021-11-11,"5",1.54,0.07,0.29,4.74,"2021"
4,2021-11-11,"6",0.41,1.27,0.81,6,"2021"
4,2021-11-11,"7",2.53,1.23,0.4,5.75,"2021"
4,2021-11-11,"8",2.07,0.16,0.37,9.48,"2021"
4,2021-11-11,"a",0.197,0.1916,0.0481,2.743,"2021"
5,2021-11-11,"1",2.46,0.16,2.4,8.13,"2021"
5,2021-11-11,"2",59.12,0.31,0.71,15.36,"2021"
5,2021-11-11,"3",2.65,0.31,1.1,9.43,"2021"
5,2021-11-11,"4",1.17,0.04,2.12,6.45,"2021"
5,2021-11-11,"5",2.03,1.01,1.25,6.18,"2021"
5,2021-11-11,"6",4.33,0.06,1.31,7.98,"2021"
5,2021-11-11,"7",4.88,0.41,1.29,9.07,"2021"
5,2021-11-11,"8",5.76,0.17,1.72,10.95,"2021"
5,2021-11-11,"a",0.1218,0.2221,0.0121,2.7579,"2021"
6,2021-11-11,"1",2.98,4.01,0.4,9.18,"2021"
6,2021-11-11,"2",2.63,0.21,0.52,7.48,"2021"
6,2021-11-11,"3",10.67,0.12,0.74,8.37,"2021"
6,2021-11-11,"4",37.12,0.23,0.31,10.66,"2021"
6,2021-11-11,"5",1.56,0.11,0.25,5.52,"2021"
6,2021-11-11,"6",4.05,0.2,0.27,9.59,"2021"
6,2021-11-11,"7",4.69,8.62,0.39,8.01,"2021"
6,2021-11-11,"8",3.06,0.18,0.36,7.41,"2021"
6,2021-11-11,"a",0.219,0.154,0.0229,2.7148,"2021"
1,2021-12-12,"1",1.1152,0.1876,0.2301,2.118,"2021"
1,2021-12-12,"2",5.2246,0.2206,0,1.083,"2021"
1,2021-12-12,"3",2.9313,0.3897,0,0.6702,"2021"
1,2021-12-12,"4",0.0649,0.8308,0.531,0.9877,"2021"
1,2021-12-12,"5",3.8071,0.4677,0.1022,0.5011,"2021"
1,2021-12-12,"6",0.7569,0.5939,0.0906,1.6048,"2021"
1,2021-12-12,"7",0.0278,0.5375,0,2.1982,"2021"
1,2021-12-12,"8",0.252,0.9137,0.0956,0.7248,"2021"
1,2021-12-12,"a",0.1362,0.351,0.047,1.5548,"2021"
2,2021-12-12,"1",1.0614,0.9681,0.53,1.9455,"2021"
2,2021-12-12,"2",0.3072,0.8632,0.1399,1.2602,"2021"
2,2021-12-12,"3",0.8947,1.0993,0.2683,2.0584,"2021"
2,2021-12-12,"4",0.9124,1.2723,0.0959,2.7691,"2021"
2,2021-12-12,"5",0.1795,1.91,0.3544,2.3341,"2021"
2,2021-12-12,"6",0.6936,1.2891,0.2114,2.8404,"2021"
2,2021-12-12,"7",4.5241,1.1894,0.7468,1.8557,"2021"
2,2021-12-12,"8",13.0353,1.2664,0.42,0.7481,"2021"
2,2021-12-12,"a",0.2316,0.5097,0.0522,2.8341,"2021"
3,2021-12-12,"1",2.1103,0.6476,0.168,3.2279,"2021"
3,2021-12-12,"2",0.2021,0.72,0.2358,3.603,"2021"
3,2021-12-12,"3",6.0234,0.6778,0.1104,1.5462,"2021"
3,2021-12-12,"4",0.751,1.0276,0.2478,3.9228,"2021"
3,2021-12-12,"5",0.3616,0.945,0.0405,3.0654,"2021"
3,2021-12-12,"6",0.7983,1.1258,0.1167,2.672,"2021"
3,2021-12-12,"7",2.9844,1.0514,0.3484,5.7734,"2021"
3,2021-12-12,"8",1.2492,2.8221,0.2698,5.8174,"2021"
3,2021-12-12,"a",0.0404,0.1351,0.0932,3.6502,"2021"
4,2021-12-12,"1",1.6082,1.0246,0,1.9821,"2021"
4,2021-12-12,"2",0.9156,0.8134,0.0065,0.9195,"2021"
4,2021-12-12,"3",1.2126,3.0626,0.2677,2.1938,"2021"
4,2021-12-12,"4",1.1672,1.5709,0.0444,1.9492,"2021"
4,2021-12-12,"5",2.2777,3.6247,0.1489,4.5792,"2021"
4,2021-12-12,"6",0.2282,1.015,0.1376,1.3929,"2021"
4,2021-12-12,"7",1.5992,2.0889,0.1635,1.6716,"2021"
4,2021-12-12,"8",0.5438,1.4681,0.0965,3.1072,"2021"
4,2021-12-12,"a",0.0741,0.5252,0.0438,2.7271,"2021"
5,2021-12-12,"1",3.0951,0.8507,0.3762,3.9174,"2021"
5,2021-12-12,"2",3.3345,1.1665,0.3358,3.66,"2021"
5,2021-12-12,"3",0.8028,1.6218,0.3204,2.8109,"2021"
5,2021-12-12,"4",1.2038,1.8593,0.4089,3.1893,"2021"
5,2021-12-12,"5",2.7718,1.4729,0.8289,3.4439,"2021"
5,2021-12-12,"6",1.0333,5.4544,0.4711,4.0117,"2021"
5,2021-12-12,"7",9.5395,1.6185,0.1926,5.8185,"2021"
5,2021-12-12,"8",2.5309,3.1033,0.2422,9.0877,"2021"
5,2021-12-12,"a",0.4115,0.2215,0.0205,6.352,"2021"
6,2021-12-12,"1",1.8238,7.4694,0.3439,6.0883,"2021"
6,2021-12-12,"2",0.4361,1.6255,0.8131,2.4437,"2021"
6,2021-12-12,"3",11.2194,1.502,0.232,2.6455,"2021"
6,2021-12-12,"4",2.0333,8.9212,0.7869,2.134,"2021"
6,2021-12-12,"5",2.8154,4.1855,0.1943,4.2928,"2021"
6,2021-12-12,"6",0.2081,1.7204,0.5375,2.8713,"2021"
6,2021-12-12,"7",2.9332,0.9947,0.0623,3.3775,"2021"
6,2021-12-12,"8",2.3311,4.9216,0.1098,3.2352,"2021"
6,2021-12-12,"a",0.1971,0.3214,0.0238,5.8884,"2021"
1,2022-01-14,"1",1.1585,1.7214,0.2945,18.7387,"2022"
1,2022-01-14,"2",0.542,1.0618,0.0032,14.6157,"2022"
1,2022-01-14,"3",4.0101,1.1694,0.0769,14.1147,"2022"
1,2022-01-14,"4",0.9971,1.7688,0.2942,17.5219,"2022"
1,2022-01-14,"5",1.4131,1.7509,0.0583,18.1776,"2022"
1,2022-01-14,"6",0.1712,1.4538,0,19.312,"2022"
1,2022-01-14,"7",0.7659,0.7199,0.2019,14.5387,"2022"
1,2022-01-14,"8",0.7396,4.4297,0,17.3843,"2022"
1,2022-01-14,"a",0.9033,1.0488,0.2156,9.0948,"2022"
2,2022-01-14,"1",0.9686,1.5188,0.0128,17.9655,"2022"
2,2022-01-14,"2",0.9541,1.9387,0.3336,18.4665,"2022"
2,2022-01-14,"3",1.2387,2.9243,0.478,19.2678,"2022"
2,2022-01-14,"4",1.4186,2.3322,0.0836,17.5182,"2022"
2,2022-01-14,"5",2.0869,2.3885,0.7675,19.3824,"2022"
2,2022-01-14,"6",0.6248,1.9838,0.1025,15.829,"2022"
2,2022-01-14,"7",0.492,2.0917,0.3828,16.1304,"2022"
2,2022-01-14,"8",2.2201,2.8104,0.5426,20.0483,"2022"
2,2022-01-14,"a",1.2177,1.2404,0.1926,8.4058,"2022"
3,2022-01-14,"1",1.5145,2.1435,0.3691,21.2868,"2022"
3,2022-01-14,"2",0.1781,6.8038,0,22.7297,"2022"
3,2022-01-14,"3",0.9386,2.9048,0,19.225,"2022"
3,2022-01-14,"4",0.6311,6.5546,0.0601,16.04,"2022"
3,2022-01-14,"5",1.6516,7.0063,5e-04,23.2286,"2022"
3,2022-01-14,"6",0.3133,2.6649,0,19.4074,"2022"
3,2022-01-14,"7",5.9565,14.1262,0.1488,20.736,"2022"
3,2022-01-14,"8",2.297,10.7043,0,15.8916,"2022"
3,2022-01-14,"a",0.694,2.7918,0.3039,6.0618,"2022"
4,2022-01-14,"1",0.7443,17.8568,0,14.0394,"2022"
4,2022-01-14,"2",1.7442,5.3711,0,16.6466,"2022"
4,2022-01-14,"3",1.0672,5.3291,0,15.9571,"2022"
4,2022-01-14,"4",1.8635,13.7915,0.1175,17.8453,"2022"
4,2022-01-14,"5",5.2719,10.706,0.5155,13.4945,"2022"
4,2022-01-14,"6",2.558,13.2655,0.2537,12.2463,"2022"
4,2022-01-14,"7",1.1641,7.38,0,17.6466,"2022"
4,2022-01-14,"8",6.5703,5.8213,0.0116,11.0935,"2022"
4,2022-01-14,"a",1.1708,2.3535,0.3168,8.8149,"2022"
5,2022-01-14,"1",2.976,7.4483,0.5706,25.171,"2022"
5,2022-01-14,"2",0.836,2.0556,0.8165,22.6328,"2022"
5,2022-01-14,"3",1.0966,5.7553,0.4019,17.6824,"2022"
5,2022-01-14,"4",1.4964,5.2948,0.271,18.6184,"2022"
5,2022-01-14,"5",1.7568,2.1091,0.1303,28.2188,"2022"
5,2022-01-14,"6",2.0693,5.8752,0.2395,25.9394,"2022"
5,2022-01-14,"7",1.9782,10.0175,0.129,21.5983,"2022"
5,2022-01-14,"8",4.0563,12.1922,1.0192,27.4987,"2022"
5,2022-01-14,"a",1.5483,3.4891,1.7778,9.2632,"2022"
6,2022-01-14,"1",3.9806,3.4929,1.1303,29.0621,"2022"
6,2022-01-14,"2",1.4156,1.2414,0.3182,17.9078,"2022"
6,2022-01-14,"3",1.0405,2.9785,0.327,19.154,"2022"
6,2022-01-14,"4",2.8235,16.2009,0.4527,21.733,"2022"
6,2022-01-14,"5",1.3332,6.6026,0.4673,23.8195,"2022"
6,2022-01-14,"6",1.4577,3.7487,0.4634,22.1483,"2022"
6,2022-01-14,"7",0.8412,4.9686,0.1052,23.7429,"2022"
6,2022-01-14,"8",2.4871,4.1462,0.0189,17.3768,"2022"
6,2022-01-14,"a",1.2648,2.7234,2.8631,8.2784,"2022"
1,2022-02-26,"1",0.7235,3.603,0,6.3567,"2022"
1,2022-02-26,"2",1.1608,0.8294,0.0283,4.0258,"2022"
1,2022-02-26,"3",1.9572,0.7849,0.1054,6.8364,"2022"
1,2022-02-26,"4",1.0144,4.7873,0,3.3664,"2022"
1,2022-02-26,"5",3.0216,2.292,0.0676,5.8277,"2022"
1,2022-02-26,"6",1.3125,2.2306,0.2774,5.7258,"2022"
1,2022-02-26,"7",14.292,0.5624,0.0795,5.3872,"2022"
1,2022-02-26,"8",0.0896,0.1153,7e-04,4.9765,"2022"
1,2022-02-26,"a",0.5677,0.335,0.1022,3.9716,"2022"
2,2022-02-26,"1",0.9547,4.5369,8e-04,9.2147,"2022"
2,2022-02-26,"2",1.557,0.995,0.0085,11.8712,"2022"
2,2022-02-26,"3",2.878,13.4223,0.8412,11.8435,"2022"
2,2022-02-26,"4",0.9476,3.3822,0.0294,13.6913,"2022"
2,2022-02-26,"5",2.4006,8.4078,0.4648,11.281,"2022"
2,2022-02-26,"6",1.377,0.3534,0.1096,9.2717,"2022"
2,2022-02-26,"7",2.9043,0.2432,0.2807,10.2377,"2022"
2,2022-02-26,"8",21.1704,1.2078,0.7587,9.0761,"2022"
2,2022-02-26,"a",1.0012,0.4117,0.1926,5.2126,"2022"
3,2022-02-26,"1",3.5046,1.6336,0.3551,10.6705,"2022"
3,2022-02-26,"2",0.9431,2.4758,0.0038,6.3495,"2022"
3,2022-02-26,"3",0.9865,1.781,0.094,8.2886,"2022"
3,2022-02-26,"4",0.8145,3.748,0.914,12.2214,"2022"
3,2022-02-26,"5",1.9783,3.2862,0,10.5797,"2022"
3,2022-02-26,"6",1.0393,3.8369,0.0425,9.6331,"2022"
3,2022-02-26,"7",6.8276,3.7752,0.2291,8.6404,"2022"
3,2022-02-26,"8",4.9059,5.5314,0.0545,7.3677,"2022"
3,2022-02-26,"a",0.6301,0.6133,0.2655,3.2588,"2022"
4,2022-02-26,"1",1.1628,5.1566,0,12.5883,"2022"
4,2022-02-26,"2",0.8609,0.9426,0,9.8909,"2022"
4,2022-02-26,"3",4.0965,0.7548,0.0096,13.6386,"2022"
4,2022-02-26,"4",2.3648,22.6129,0.0179,9.71,"2022"
4,2022-02-26,"5",1.9913,1.5993,0.26,6.9678,"2022"
4,2022-02-26,"6",3.8326,8.4143,0.1873,7.6916,"2022"
4,2022-02-26,"7",0.8566,0.4586,0,9.9023,"2022"
4,2022-02-26,"8",1.1916,3.4507,0.0041,10.4084,"2022"
4,2022-02-26,"a",0.5313,0.2575,0.0375,2.8711,"2022"
5,2022-02-26,"1",4.593,9.1891,0.2676,7.157,"2022"
5,2022-02-26,"2",2.0545,1.2963,0.155,5.01,"2022"
5,2022-02-26,"3",1.388,4.1615,0.0926,7.398,"2022"
5,2022-02-26,"4",4.5088,1.3912,0.3028,7.4288,"2022"
5,2022-02-26,"5",11.5974,0.3743,0.2265,11.6697,"2022"
5,2022-02-26,"6",2.3225,7.5363,0.1902,9.871,"2022"
5,2022-02-26,"7",5.663,22.3819,0.0918,7.1947,"2022"
5,2022-02-26,"8",3.5685,2.1339,0.2747,10.9273,"2022"
5,2022-02-26,"a",1.0931,0.6763,0.4706,8.7816,"2022"
6,2022-02-26,"1",3.5823,6.2857,0.6896,14.5098,"2022"
6,2022-02-26,"2",1.8962,3.3652,0.0275,7.194,"2022"
6,2022-02-26,"3",0.595,2.8272,0.187,12.3051,"2022"
6,2022-02-26,"4",10.8584,4.1552,0.4766,13.9906,"2022"
6,2022-02-26,"5",2.1096,11.3843,0.5628,9.8643,"2022"
6,2022-02-26,"6",1.7646,3.2927,0.7905,10.2954,"2022"
6,2022-02-26,"7",2.9025,3.0929,0,16.3754,"2022"
6,2022-02-26,"8",0.8548,5.282,0.2787,16.7722,"2022"
6,2022-02-26,"a",0.5031,0.2927,0.1518,7.4675,"2022"
1,2022-03-13,"1",0.0324,1.186,0,1.7705,"2022"
1,2022-03-13,"2",0.0343,0.0241,0,1.3156,"2022"
1,2022-03-13,"3",0.2512,0.097,0.1651,1.1249,"2022"
1,2022-03-13,"4",0.2781,0.0605,0,0.2598,"2022"
1,2022-03-13,"5",0.1908,0,0.016,1.0046,"2022"
1,2022-03-13,"6",0.3404,1.2804,0.0393,0.8876,"2022"
1,2022-03-13,"7",0.4134,0.9156,0,0.7528,"2022"
1,2022-03-13,"8",2.9312,0.1106,0,0.7007,"2022"
1,2022-03-13,"a",0.5986,0.3344,0.0733,0.8645,"2022"
2,2022-03-13,"1",0.0675,0.0094,0,1.9057,"2022"
2,2022-03-13,"2",0.1643,0.1027,0,3.164,"2022"
2,2022-03-13,"3",0.0659,0.3928,0.2758,0.6748,"2022"
2,2022-03-13,"4",0.177,0.2055,0.0916,5.749,"2022"
2,2022-03-13,"5",0.2763,0.6893,0.5694,1.6368,"2022"
2,2022-03-13,"6",0.8105,0.0485,0,1.3257,"2022"
2,2022-03-13,"7",0.5613,0.0919,0.4002,2.2825,"2022"
2,2022-03-13,"8",0.2781,0.1367,0.0071,1.078,"2022"
2,2022-03-13,"a",0.5986,0.334,0.1188,0.992,"2022"
3,2022-03-13,"1",0.0186,0,0,1.6472,"2022"
3,2022-03-13,"2",0,0.244,0.1001,0.7564,"2022"
3,2022-03-13,"3",0.19,0.309,0,2.1548,"2022"
3,2022-03-13,"4",0.548,0.0731,0.0633,1.1918,"2022"
3,2022-03-13,"5",0.0201,0.0303,0,0.6732,"2022"
3,2022-03-13,"6",0.0571,1.9982,0.1022,1.4407,"2022"
3,2022-03-13,"7",0.08,0.3619,0.1121,1.2027,"2022"
3,2022-03-13,"8",0.1372,0.939,6e-04,2.7009,"2022"
3,2022-03-13,"a",0.17,0.3898,0.055,0.679,"2022"
4,2022-03-13,"1",0.104,0.8662,0,1.0337,"2022"
4,2022-03-13,"2",0.371,0.0432,0.1288,0.0459,"2022"
4,2022-03-13,"3",0.1904,0.6821,0.002,0.9632,"2022"
4,2022-03-13,"4",0.4171,0.094,0.1291,0.6286,"2022"
4,2022-03-13,"5",0.1336,0.1006,0.0129,1.5066,"2022"
4,2022-03-13,"6",0.0327,6.1645,0.0021,0.7604,"2022"
4,2022-03-13,"7",0.4132,0,0,0.8132,"2022"
4,2022-03-13,"8",0.1105,0,0.0067,1.4566,"2022"
4,2022-03-13,"a",0.1561,0.1642,0.1007,0.752,"2022"
5,2022-03-13,"1",0.2988,0.0355,0.0747,0.5337,"2022"
5,2022-03-13,"2",0,0.0647,0.1029,1.0282,"2022"
5,2022-03-13,"3",0.2966,0,0.1123,0.4032,"2022"
5,2022-03-13,"4",0.6571,0.0183,0.479,0.5699,"2022"
5,2022-03-13,"5",0.2978,2.0345,0.0322,1.7046,"2022"
5,2022-03-13,"6",0.3577,6.8172,0,2.6138,"2022"
5,2022-03-13,"7",1.0676,0.0831,0.3691,1.015,"2022"
5,2022-03-13,"8",0.5424,0.9964,0.0193,1.4802,"2022"
5,2022-03-13,"a",0.6754,0.384,1.1905,0.2589,"2022"
6,2022-03-13,"1",0.3114,0.0067,0,2.2266,"2022"
6,2022-03-13,"2",0.2871,0,0,1.4644,"2022"
6,2022-03-13,"3",0.0757,0.0508,0.0204,1.7243,"2022"
6,2022-03-13,"4",1.3972,1.0342,0.1669,1.9387,"2022"
6,2022-03-13,"5",0.1789,0.7237,0.0119,1.4859,"2022"
6,2022-03-13,"6",0.0479,1.3087,0,1.9501,"2022"
6,2022-03-13,"7",0.841,0.0812,0.0382,2.866,"2022"
6,2022-03-13,"8",0.2254,2.6586,0,1.0909,"2022"
6,2022-03-13,"a",0.4274,0.337,0.5901,1.8052,"2022"
1,2022-04-14,"1",0.4403,7.6889,0.3556,1.1371,"2022"
1,2022-04-14,"2",4.6173,0.2884,0,0.972,"2022"
1,2022-04-14,"3",0.587,1.3471,0,1.1366,"2022"
1,2022-04-14,"4",NA,NA,NA,NA,"2022"
1,2022-04-14,"5",4.6913,0.6187,0.0889,2.6798,"2022"
1,2022-04-14,"6",1.4147,5.2246,0,2.5065,"2022"
1,2022-04-14,"7",4.4316,2.9576,0.0468,7.7446,"2022"
1,2022-04-14,"8",0.6218,0.4676,0.0056,1.8874,"2022"
2,2022-04-14,"1",1.1077,2.3324,0,2.5387,"2022"
2,2022-04-14,"2",2.485,1.3508,0.2066,2.6459,"2022"
2,2022-04-14,"3",0.4515,0.3756,0,2.2754,"2022"
2,2022-04-14,"4",4.0742,0.2689,0.0462,4.9678,"2022"
2,2022-04-14,"5",1.6795,0.0354,0.0795,2.6207,"2022"
2,2022-04-14,"6",1.7001,1.3732,0.2202,2.6861,"2022"
2,2022-04-14,"7",8.1117,0.0088,0,5.9773,"2022"
2,2022-04-14,"8",1.0525,0.282,0.1039,3.0536,"2022"
3,2022-04-14,"1",0.3411,0.8805,0.0629,5.7586,"2022"
3,2022-04-14,"2",1.2398,0.655,0.0979,4.1805,"2022"
3,2022-04-14,"3",0,0.079,0,1.4764,"2022"
3,2022-04-14,"4",0.8697,0,0,4.0381,"2022"
3,2022-04-14,"5",1.3658,0.0729,0,4.7088,"2022"
3,2022-04-14,"6",0.4979,0.1163,0.1141,3.4206,"2022"
3,2022-04-14,"7",0.3284,0.0946,0.2518,3.5219,"2022"
3,2022-04-14,"8",4.0565,0.2794,0,2.5593,"2022"
4,2022-04-14,"1",4.5333,1.2835,0.0237,1.987,"2022"
4,2022-04-14,"2",0.9599,0.4967,0.0071,2.8692,"2022"
4,2022-04-14,"3",2.2556,0.2805,0.1946,2.2516,"2022"
4,2022-04-14,"4",0.066,1.3058,0,2.2271,"2022"
4,2022-04-14,"5",0.4112,5.9609,0.0023,2.2445,"2022"
4,2022-04-14,"6",0.8142,0.1674,0.0839,3.1578,"2022"
4,2022-04-14,"7",1.4316,0.0074,0.0031,1.3513,"2022"
4,2022-04-14,"8",4.493,0.2788,0.0304,3.0978,"2022"
5,2022-04-14,"1",1.7609,0.2164,0.9242,2.3755,"2022"
5,2022-04-14,"2",5.88,0.3832,0.9726,2.3721,"2022"
5,2022-04-14,"3",0.3963,0.437,0.055,2.922,"2022"
5,2022-04-14,"4",0.2971,2.5049,0.4236,3.6647,"2022"
5,2022-04-14,"5",0.1003,2.535,0.0959,3.3629,"2022"
5,2022-04-14,"6",0.8477,2.5171,0.0572,6.2458,"2022"
5,2022-04-14,"7",0.278,1.3991,0,2.1103,"2022"
5,2022-04-14,"8",3.195,1.2895,0.0904,7.969,"2022"
6,2022-04-14,"1",2.18,1.2634,0.2601,6.7945,"2022"
6,2022-04-14,"2",3.4668,0.1887,0,4.3246,"2022"
6,2022-04-14,"3",0.7573,0.0704,0,4.42,"2022"
6,2022-04-14,"4",0.3276,1.5862,0.2762,6.1168,"2022"
6,2022-04-14,"5",0.7103,1.855,0,5.0706,"2022"
6,2022-04-14,"6",1.092,1.3894,0.0106,5.9304,"2022"
6,2022-04-14,"7",0.7235,0.2831,0,6.7262,"2022"
6,2022-04-14,"8",1.0311,0.363,0.1108,6.3835,"2022"
1,2022-05-07,"1",0.0328,0.2807,0.0263,0.8083,"2022"
1,2022-05-07,"2",0.396,0.1621,0,0.4559,"2022"
1,2022-05-07,"3",5.3337,0.285,0,0.7112,"2022"
1,2022-05-07,"4",1.4672,0.2592,0.0518,3.4018,"2022"
1,2022-05-07,"5",0.2552,1.0186,0,0.6201,"2022"
1,2022-05-07,"6",0.2769,0,0,0.9332,"2022"
1,2022-05-07,"7",0.8526,0.0255,0,0.2924,"2022"
1,2022-05-07,"8",0.4307,0.9943,0.0106,0.882,"2022"
2,2022-05-07,"1",0.0279,0.0124,0.0436,1.0396,"2022"
2,2022-05-07,"2",0.9,0.5813,0.0488,1.5333,"2022"
2,2022-05-07,"3",0.0635,0.0271,0.1388,0.7903,"2022"
2,2022-05-07,"4",0.1871,0.1686,0.0459,3.0104,"2022"
2,2022-05-07,"5",1.236,0.0859,0.0807,1.4179,"2022"
2,2022-05-07,"6",0.1987,0.1643,0,1.1319,"2022"
2,2022-05-07,"7",3.5974,0.003,0.004,1.3767,"2022"
2,2022-05-07,"8",0.8165,3.9243,0.0355,1.7046,"2022"
3,2022-05-07,"1",0.2966,0,0,1.6664,"2022"
3,2022-05-07,"2",0.0209,0.8149,0,1.4767,"2022"
3,2022-05-07,"3",0.7504,0.0899,0,0.7343,"2022"
3,2022-05-07,"4",9.2213,0.222,0.072,1.1291,"2022"
3,2022-05-07,"5",0.2692,0.0192,0,1.8272,"2022"
3,2022-05-07,"6",0.1444,0.2902,0.1373,1.4114,"2022"
3,2022-05-07,"7",0.5435,0,0.0272,2.115,"2022"
3,2022-05-07,"8",0.2943,0.4005,0.005,2.4623,"2022"
4,2022-05-07,"1",1.4504,0.0095,0,0.248,"2022"
4,2022-05-07,"2",0.2039,0.5451,0,1.0982,"2022"
4,2022-05-07,"3",0.4473,0.651,0,0.2843,"2022"
4,2022-05-07,"4",0.5122,0.0176,0.0199,1.4051,"2022"
4,2022-05-07,"5",0.0732,0,0,2.2026,"2022"
4,2022-05-07,"6",0.2002,0.1841,0,2.0712,"2022"
4,2022-05-07,"7",0.4125,0.0953,0,0.3689,"2022"
4,2022-05-07,"8",0.061,0.5773,0,0.3726,"2022"
5,2022-05-07,"1",0.8124,0.1466,0.1115,1.6876,"2022"
5,2022-05-07,"2",2.4094,0.0278,0.1875,1.0381,"2022"
5,2022-05-07,"3",0.092,0.1827,0,0.922,"2022"
5,2022-05-07,"4",0.1393,1.616,0.0839,0.9727,"2022"
5,2022-05-07,"5",0.1441,0,0.0202,1.4942,"2022"
5,2022-05-07,"6",1.515,0.4523,0,2.3535,"2022"
5,2022-05-07,"7",8.8172,0.008,0.0448,1.6301,"2022"
5,2022-05-07,"8",2.0274,1.3828,0.0111,2.9133,"2022"
6,2022-05-07,"1",1.9646,0.0283,0.0734,3.7223,"2022"
6,2022-05-07,"2",0.4137,1.121,0.0041,1.8747,"2022"
6,2022-05-07,"3",1.6913,0.1315,0.0383,1.6346,"2022"
6,2022-05-07,"4",1.7329,8.1324,0.0873,1.2819,"2022"
6,2022-05-07,"5",1.6026,0.025,0.0804,1.9373,"2022"
6,2022-05-07,"6",0.6102,0.2688,0.0122,0.747,"2022"
6,2022-05-07,"7",1.501,1.0593,0.0419,2.519,"2022"
6,2022-05-07,"8",2.5695,0.2998,0.0156,0.7736,"2022"
1,2022-06-12,"1",0.1081,0.0612,0.0402,3.4002,"2022"
1,2022-06-12,"2",0,0,0,1.4596,"2022"
1,2022-06-12,"3",0.0511,0.0157,0,0.9985,"2022"
1,2022-06-12,"4",0.2566,0,0.0439,1.1594,"2022"
1,2022-06-12,"5",0.1377,0.1474,0.0079,0.7092,"2022"
1,2022-06-12,"6",0.1216,0.0266,0,1.6938,"2022"
1,2022-06-12,"7",0.5072,0,0.538,1.0658,"2022"
1,2022-06-12,"8",0.0826,1.53,0.0162,0.8561,"2022"
1,2022-06-12,"a",NA,NA,NA,NA,"2022"
2,2022-06-12,"1",0.1439,0.002,0,1.0661,"2022"
2,2022-06-12,"2",0.157,0.1034,0.0783,3.6335,"2022"
2,2022-06-12,"3",0.0393,0.7475,0,2.2671,"2022"
2,2022-06-12,"4",0.1302,0,0,2.3199,"2022"
2,2022-06-12,"5",0.2728,0.0095,0.0355,1.6514,"2022"
2,2022-06-12,"6",0.0355,0.0085,0,2.2872,"2022"
2,2022-06-12,"7",0.026,0.8058,0.0399,1.8688,"2022"
2,2022-06-12,"8",0.7226,0.0152,0.002,1.6585,"2022"
2,2022-06-12,"a",NA,NA,NA,NA,"2022"
3,2022-06-12,"1",0.2478,0.0341,5e-04,3.4555,"2022"
3,2022-06-12,"2",0.029,0.1891,0,2.1188,"2022"
3,2022-06-12,"3",0.0722,0.0405,0,1.7548,"2022"
3,2022-06-12,"4",0,0,1e-04,3.0495,"2022"
3,2022-06-12,"5",0.466,0.8217,0,4.2578,"2022"
3,2022-06-12,"6",0.3718,0.0126,0,1.0929,"2022"
3,2022-06-12,"7",0.0142,0,0.2153,2.481,"2022"
3,2022-06-12,"8",0.1828,0.0263,6e-04,5.9858,"2022"
3,2022-06-12,"a",NA,NA,NA,NA,"2022"
4,2022-06-12,"1",0.0629,0.0329,0.0385,1.3825,"2022"
4,2022-06-12,"2",0.0091,0.006,0.0019,1.2083,"2022"
4,2022-06-12,"3",0.0454,0.0577,0,1.8199,"2022"
4,2022-06-12,"4",4.6896,0.1678,0.0933,9.1066,"2022"
4,2022-06-12,"5",0.0196,0.0533,0.0226,1.707,"2022"
4,2022-06-12,"6",0.15,0.0624,0,2.0005,"2022"
4,2022-06-12,"7",1.0255,6.022,0,4.3825,"2022"
4,2022-06-12,"8",0.0152,0,0.0043,1.1953,"2022"
4,2022-06-12,"a",NA,NA,NA,NA,"2022"
5,2022-06-12,"1",0.0076,0.0355,0.2914,0.7807,"2022"
5,2022-06-12,"2",0,0.0184,0.1257,1.1639,"2022"
5,2022-06-12,"3",0.6952,0.3263,0,1.1919,"2022"
5,2022-06-12,"4",0.1228,0.1284,0.09,0.8547,"2022"
5,2022-06-12,"5",0.058,0.2112,0,1.1082,"2022"
5,2022-06-12,"6",1.2489,0.017,0.0079,1.8501,"2022"
5,2022-06-12,"7",1.6478,0.0075,0.0019,4.3588,"2022"
5,2022-06-12,"8",0.2836,0.0555,0.1117,3.5331,"2022"
5,2022-06-12,"a",NA,NA,NA,NA,"2022"
6,2022-06-12,"1",1.0493,6.2177,0.1792,6.8602,"2022"
6,2022-06-12,"2",0.1185,0.1141,0,1.4812,"2022"
6,2022-06-12,"3",1.0497,2.6471,0.0794,2.0336,"2022"
6,2022-06-12,"4",0.6091,1.8207,0.1383,6.9582,"2022"
6,2022-06-12,"5",1.5021,0,0.231,5.4038,"2022"
6,2022-06-12,"6",0.4242,0.3405,0.0621,1.5305,"2022"
6,2022-06-12,"7",0.3948,0,0,4.2694,"2022"
6,2022-06-12,"8",0.0695,1.3511,0.0788,5.8875,"2022"
6,2022-06-12,"a",NA,NA,NA,NA,"2022"
1,2022-07-03,"1",4.18,1.5993,0.0056,2.1843,"2022"
1,2022-07-03,"2",1.0743,6.9304,0,1.2253,"2022"
1,2022-07-03,"3",2.0944,0.2131,0,2.6415,"2022"
1,2022-07-03,"4",1.9963,0.4248,0,1.9364,"2022"
1,2022-07-03,"5",2.2422,0.8805,0,2.5297,"2022"
1,2022-07-03,"6",0.5389,0.9653,0.215,1.4174,"2022"
1,2022-07-03,"7",0.764,0.2634,0,0.7011,"2022"
1,2022-07-03,"8",0.3401,0.0498,0,0.8047,"2022"
1,2022-07-03,"a",NA,NA,NA,NA,"2022"
2,2022-07-03,"1",5.0118,0,0.1286,2.3312,"2022"
2,2022-07-03,"2",1.4341,4.8402,0,1.121,"2022"
2,2022-07-03,"3",0.5054,3.9115,0,2.1297,"2022"
2,2022-07-03,"4",0.4581,0.8887,0,3.1868,"2022"
2,2022-07-03,"5",3.2701,3.8331,0,3.0401,"2022"
2,2022-07-03,"6",5.0832,0.0812,0,3.2119,"2022"
2,2022-07-03,"7",2.8515,0.2479,0.3304,2.4509,"2022"
2,2022-07-03,"8",4.5364,0.114,0.0924,1.0533,"2022"
2,2022-07-03,"a",NA,NA,NA,NA,"2022"
3,2022-07-03,"1",6.4348,1.2127,0.0525,2.796,"2022"
3,2022-07-03,"2",4.566,0.0162,0.1024,5.4315,"2022"
3,2022-07-03,"3",1.1144,1.1802,0,2.4081,"2022"
3,2022-07-03,"4",3.7722,0.0031,0.0024,2.2581,"2022"
3,2022-07-03,"5",4.1388,0.107,0,2.6756,"2022"
3,2022-07-03,"6",0.3976,6.8829,0.1889,2.2437,"2022"
3,2022-07-03,"7",3.912,0,0.4823,4.9389,"2022"
3,2022-07-03,"8",3.8905,2.0701,1e-04,5.1978,"2022"
3,2022-07-03,"a",NA,NA,NA,NA,"2022"
4,2022-07-03,"1",1.5877,1.4243,0,4.7222,"2022"
4,2022-07-03,"2",1.6678,1.9848,0,2.8155,"2022"
4,2022-07-03,"3",6.1416,0.0065,0,2.9507,"2022"
4,2022-07-03,"4",2.5672,0.051,0,1.9407,"2022"
4,2022-07-03,"5",1.5687,2.1309,0.1435,1.9404,"2022"
4,2022-07-03,"6",1.3974,0.503,0.28,2.8609,"2022"
4,2022-07-03,"7",0.4035,0.8364,0,3.1933,"2022"
4,2022-07-03,"8",2.6188,1.6215,0,2.6259,"2022"
4,2022-07-03,"a",NA,NA,NA,NA,"2022"
5,2022-07-03,"1",2.9615,4.9005,0.1882,1.8082,"2022"
5,2022-07-03,"2",2.3265,0,1e-04,1.9331,"2022"
5,2022-07-03,"3",1.2512,3.2869,0,2.1035,"2022"
5,2022-07-03,"4",0.9921,0.1889,0.0759,2.6203,"2022"
5,2022-07-03,"5",2.2082,2.4395,0.2556,4.3686,"2022"
5,2022-07-03,"6",1.1902,0.1294,0,3.3134,"2022"
5,2022-07-03,"7",1.615,4.1736,0.0097,2.3101,"2022"
5,2022-07-03,"8",6.7154,4.9015,0.0093,5.2513,"2022"
5,2022-07-03,"a",NA,NA,NA,NA,"2022"
6,2022-07-03,"1",1.8675,2.636,0.0266,5.4983,"2022"
6,2022-07-03,"2",2.5144,0.1191,0.019,3.3835,"2022"
6,2022-07-03,"3",9.4465,0.1642,0.0399,6.7976,"2022"
6,2022-07-03,"4",0.7137,0.1916,0.1079,5.7401,"2022"
6,2022-07-03,"5",11.7495,4.8582,1e-04,6.0738,"2022"
6,2022-07-03,"6",4.4492,0.1129,0.0492,2.841,"2022"
6,2022-07-03,"7",5.1477,0.403,0,12.6228,"2022"
6,2022-07-03,"8",0.8669,0.9729,0.0036,3.7259,"2022"
6,2022-07-03,"a",NA,NA,NA,NA,"2022"
1,2022-08-14,"1",0.2523,0.1293,0,1.295,"2022"
1,2022-08-14,"2",0.1926,1.1171,0,0.6133,"2022"
1,2022-08-14,"3",0.778,0.0367,0,1.9906,"2022"
1,2022-08-14,"4",0.893,0.6469,0.0459,1.678,"2022"
1,2022-08-14,"5",0.1825,0.0123,0,1.9865,"2022"
1,2022-08-14,"6",1.1336,1.6163,0.0012,1.1901,"2022"
1,2022-08-14,"7",0.6898,0.0424,0,0.4583,"2022"
1,2022-08-14,"8",0.0342,0,0,0.8672,"2022"
1,2022-08-14,"a",NA,NA,NA,NA,"2022"
2,2022-08-14,"1",1.2461,0,0,1.6145,"2022"
2,2022-08-14,"2",0.0647,0,0,1.1221,"2022"
2,2022-08-14,"3",0.8501,0.1522,0,1.6522,"2022"
2,2022-08-14,"4",2.7303,7.6872,0,0.9158,"2022"
2,2022-08-14,"5",2.159,0.2042,0,2.581,"2022"
2,2022-08-14,"6",7.34,0.3169,0,1.633,"2022"
2,2022-08-14,"7",0.324,0,0,2.2274,"2022"
2,2022-08-14,"8",0.733,0.0015,0.2637,4.4071,"2022"
2,2022-08-14,"a",NA,NA,NA,NA,"2022"
3,2022-08-14,"1",0.8677,0.3519,5e-04,2.4309,"2022"
3,2022-08-14,"2",2.6709,1.3672,0.1438,5.4145,"2022"
3,2022-08-14,"3",0.2859,0.2111,0,0.1162,"2022"
3,2022-08-14,"4",0.2469,0.328,0,4.1474,"2022"
3,2022-08-14,"5",1.0756,0.1722,0,2.6426,"2022"
3,2022-08-14,"6",0.2182,0,0,2.604,"2022"
3,2022-08-14,"7",0.7312,0.1038,0.0544,6.1415,"2022"
3,2022-08-14,"8",0.7306,6.7574,0,3.2685,"2022"
3,2022-08-14,"a",NA,NA,NA,NA,"2022"
4,2022-08-14,"1",0.1815,0.0363,0.1415,1.9822,"2022"
4,2022-08-14,"2",0.2879,0.6736,0,2.6509,"2022"
4,2022-08-14,"3",0.1051,0.1833,0.1014,2.0257,"2022"
4,2022-08-14,"4",0.5763,0.291,0,5.1921,"2022"
4,2022-08-14,"5",0.2145,0.0407,0,2.3268,"2022"
4,2022-08-14,"6",0.3679,0.2052,0,1.8305,"2022"
4,2022-08-14,"7",0.1217,0.0236,0,2.4465,"2022"
4,2022-08-14,"8",0.087,4e-04,0,2.4342,"2022"
4,2022-08-14,"a",NA,NA,NA,NA,"2022"
5,2022-08-14,"1",0.0309,1.4867,0,1.5924,"2022"
5,2022-08-14,"2",0.4814,0.0204,0.0492,3.0931,"2022"
5,2022-08-14,"3",0.7943,0.4703,0.0024,1.6162,"2022"
5,2022-08-14,"4",0.8285,2.4213,0,3.0609,"2022"
5,2022-08-14,"5",0.2091,0.0376,0.2028,1.0007,"2022"
5,2022-08-14,"6",1.2389,0.988,0,5.152,"2022"
5,2022-08-14,"7",0.4259,0.0362,0,3.8963,"2022"
5,2022-08-14,"8",2.7039,0.3375,0.5497,5.6693,"2022"
5,2022-08-14,"a",NA,NA,NA,NA,"2022"
6,2022-08-14,"1",3.0387,0,0.0994,4.1154,"2022"
6,2022-08-14,"2",2.27,0,2e-04,4.4252,"2022"
6,2022-08-14,"3",0.317,2.0435,0.0755,0.956,"2022"
6,2022-08-14,"4",0.4032,0.0074,0,1.6452,"2022"
6,2022-08-14,"5",0.6375,0.0036,0,2.1391,"2022"
6,2022-08-14,"6",0.6714,1.76,0.0012,2.5717,"2022"
6,2022-08-14,"7",0.2035,0.45,0,2.7799,"2022"
6,2022-08-14,"8",0.27,3.179,0,2.2741,"2022"
6,2022-08-14,"a",NA,NA,NA,NA,"2022"
1,2022-09-15,"1",1.4936,0.1669,0,3.405,"2022"
1,2022-09-15,"2",0.0084,0.0834,0,0.3713,"2022"
1,2022-09-15,"3",0.3034,0.1585,0.0767,2.8826,"2022"
1,2022-09-15,"4",0.1017,0,0.005,0.6789,"2022"
1,2022-09-15,"5",0.3569,0,0,0.6311,"2022"
1,2022-09-15,"6",0,3.0074,0,0.4448,"2022"
1,2022-09-15,"7",0,2.0731,0,1.4049,"2022"
1,2022-09-15,"8",0.0123,0.3562,0.0036,0.8634,"2022"
1,2022-09-15,"a",NA,NA,NA,NA,"2022"
2,2022-09-15,"1",0.2575,10.9777,0,1.4897,"2022"
2,2022-09-15,"2",0,0,0,0,"2022"
2,2022-09-15,"3",0.3515,0.0844,0,1.3736,"2022"
2,2022-09-15,"4",0.4979,0.409,0.0833,1.4251,"2022"
2,2022-09-15,"5",0.8172,0.0288,0,1.7423,"2022"
2,2022-09-15,"6",0.6101,0.0106,0,1.7161,"2022"
2,2022-09-15,"7",0.0311,0.6886,0,1.9209,"2022"
2,2022-09-15,"8",0.0273,4.474,0.1038,0.9638,"2022"
2,2022-09-15,"a",NA,NA,NA,NA,"2022"
3,2022-09-15,"1",0.7167,0,0,2.9549,"2022"
3,2022-09-15,"2",0.1639,0.129,0,1.3484,"2022"
3,2022-09-15,"3",0,0,0,0,"2022"
3,2022-09-15,"4",1.0112,0.0198,0,1.3981,"2022"
3,2022-09-15,"5",0,0.0401,0.0086,1.9873,"2022"
3,2022-09-15,"6",0.2789,0,0.1654,2.3586,"2022"
3,2022-09-15,"7",0.3036,3.2411,0,1.3735,"2022"
3,2022-09-15,"8",0,0.089,0.0549,3.1211,"2022"
3,2022-09-15,"a",NA,NA,NA,NA,"2022"
4,2022-09-15,"1",0.5533,0.0427,0,0.8848,"2022"
4,2022-09-15,"2",0.0825,0.1566,0,0.9538,"2022"
4,2022-09-15,"3",0.0752,0.0047,0,2.6013,"2022"
4,2022-09-15,"4",0.1636,0.0807,0.1338,0.4488,"2022"
4,2022-09-15,"5",0.1908,0.0315,0.1007,1.4192,"2022"
4,2022-09-15,"6",0.0444,0.1198,0,1.1105,"2022"
4,2022-09-15,"7",0.0422,0.1191,0.1106,2.4901,"2022"
4,2022-09-15,"8",0.0577,0,0.1873,0.6578,"2022"
4,2022-09-15,"a",NA,NA,NA,NA,"2022"
5,2022-09-15,"1",0,1.4826,0.1619,0.8804,"2022"
5,2022-09-15,"2",0.061,0.0203,0,2.5613,"2022"
5,2022-09-15,"3",0.0423,0.0611,0.0795,0.8196,"2022"
5,2022-09-15,"4",0.977,0.1108,0.0555,0.197,"2022"
5,2022-09-15,"5",0.0129,1.3139,3e-04,3.0115,"2022"
5,2022-09-15,"6",1.6744,1.2722,0.1372,1.9528,"2022"
5,2022-09-15,"7",0.2318,0.2874,0.262,3.3595,"2022"
5,2022-09-15,"8",1.8528,0.1763,2e-04,1.9284,"2022"
5,2022-09-15,"a",NA,NA,NA,NA,"2022"
6,2022-09-15,"1",2.6951,0.2285,0,0.906,"2022"
6,2022-09-15,"2",3.7662,1.8669,0,1.5458,"2022"
6,2022-09-15,"3",0.2222,0.0518,0.1147,1.3875,"2022"
6,2022-09-15,"4",0.1164,0.2072,0.1503,2.7174,"2022"
6,2022-09-15,"5",1.3305,0.3287,0.2573,2.7461,"2022"
6,2022-09-15,"6",0.2312,0.0689,0.0271,0.9969,"2022"
6,2022-09-15,"7",0.6879,0.9794,0,1.759,"2022"
6,2022-09-15,"8",0,0.3962,0.0408,2.2787,"2022"
6,2022-09-15,"a",NA,NA,NA,NA,"2022"
1,2022-10-16,"1",1.9815,0,1e-04,3.9507,"2022"
1,2022-10-16,"2",1.233,0.1329,0,2.9276,"2022"
1,2022-10-16,"3",1.6238,0.9331,0,3.9988,"2022"
1,2022-10-16,"4",1.2621,0.1411,0,5.2771,"2022"
1,2022-10-16,"5",0.9424,0.111,0,2.1663,"2022"
1,2022-10-16,"6",1.7635,0.0949,0,4.0722,"2022"
1,2022-10-16,"7",1.1648,0,0,3.0796,"2022"
1,2022-10-16,"8",0.6537,4.4682,0,3.7138,"2022"
1,2022-10-16,"a",NA,NA,NA,NA,"2022"
2,2022-10-16,"1",5.0375,0,0.7569,6.5382,"2022"
2,2022-10-16,"2",0.3699,0.0414,0.0752,4.5045,"2022"
2,2022-10-16,"3",0.4616,0.0089,0.0506,11.0824,"2022"
2,2022-10-16,"4",0.1594,0.2081,0,7.3317,"2022"
2,2022-10-16,"5",3.6275,1.187,0,10.7315,"2022"
2,2022-10-16,"6",2.3085,0,0,10.4032,"2022"
2,2022-10-16,"7",1.5666,0,0,5.1701,"2022"
2,2022-10-16,"8",1.9562,0.3317,0,10.9624,"2022"
2,2022-10-16,"a",NA,NA,NA,NA,"2022"
3,2022-10-16,"1",0,0,0,8.0942,"2022"
3,2022-10-16,"2",0.5113,0.0337,0,8.6128,"2022"
3,2022-10-16,"3",2.7616,0.3449,0.0212,6.023,"2022"
3,2022-10-16,"4",1.4218,0.0494,0.096,5.7982,"2022"
3,2022-10-16,"5",0.4832,0.0176,0,8.488,"2022"
3,2022-10-16,"6",1.349,2.2493,0,10.6268,"2022"
3,2022-10-16,"7",1.209,0.3839,0.0246,9.2428,"2022"
3,2022-10-16,"8",NA,NA,NA,6.2039,"2022"
3,2022-10-16,"a",NA,NA,NA,NA,"2022"
4,2022-10-16,"1",1.0343,0,0,7.0824,"2022"
4,2022-10-16,"2",1.3742,0.0237,0,6.2218,"2022"
4,2022-10-16,"3",1.1704,8.8012,0,6.6509,"2022"
4,2022-10-16,"4",0.3324,0.0283,0.3046,2.3862,"2022"
4,2022-10-16,"5",0.9674,0.0879,0,5.9667,"2022"
4,2022-10-16,"6",0.8606,0.0276,0,7.5724,"2022"
4,2022-10-16,"7",0.819,0,0,6.4104,"2022"
4,2022-10-16,"8",0.8324,2.9981,0,7.3277,"2022"
4,2022-10-16,"a",NA,NA,NA,NA,"2022"
5,2022-10-16,"1",0.4746,0,0.0545,4.3506,"2022"
5,2022-10-16,"2",0.0434,1.3466,0.0199,9.2002,"2022"
5,2022-10-16,"3",0.4666,0.0843,0.0721,5.5088,"2022"
5,2022-10-16,"4",1.0205,0.1222,0,4.5362,"2022"
5,2022-10-16,"5",0.0154,0.2162,0,6.5954,"2022"
5,2022-10-16,"6",1.9464,0.7247,0.8511,5.3592,"2022"
5,2022-10-16,"7",1.7991,1.9145,0,7.8771,"2022"
5,2022-10-16,"8",2.6309,0.1224,0.8719,9.0632,"2022"
5,2022-10-16,"a",NA,NA,NA,NA,"2022"
6,2022-10-16,"1",0.7009,0.0073,0.0015,30.5075,"2022"
6,2022-10-16,"2",0.7924,0,0,25.3411,"2022"
6,2022-10-16,"3",1.0984,1.6238,0.5736,16.4424,"2022"
6,2022-10-16,"4",0.9077,0.1118,0,30.8012,"2022"
6,2022-10-16,"5",0.3566,0.3649,0.1367,35.4959,"2022"
6,2022-10-16,"6",0.5823,0.0281,0.5647,20.8929,"2022"
6,2022-10-16,"7",1.4823,0,0.0548,27.0999,"2022"
6,2022-10-16,"8",1.252,0.3102,0,34.2735,"2022"
6,2022-10-16,"a",NA,NA,NA,NA,"2022"
1,2022-11-12,"1",0.745,0.041,0,2.811,"2022"
1,2022-11-12,"2",0.1639,0.0011,0,4.3379,"2022"
1,2022-11-12,"3",1.1977,0.4108,0.0497,4.1811,"2022"
1,2022-11-12,"4",0.0235,0.0165,0.0021,2.89,"2022"
1,2022-11-12,"5",0.098,0.0309,0,4.044,"2022"
1,2022-11-12,"6",1.5509,0.1595,0.1209,2.4906,"2022"
1,2022-11-12,"7",4.7672,0.0317,0.1074,4.7322,"2022"
1,2022-11-12,"8",1.3964,0.0128,0,3.9388,"2022"
1,2022-11-12,"a",NA,NA,NA,NA,"2022"
2,2022-11-12,"1",1.1461,0.0026,0,4.6269,"2022"
2,2022-11-12,"2",1.5357,0,0,4.1467,"2022"
2,2022-11-12,"3",1.3804,0.3219,0,3.3199,"2022"
2,2022-11-12,"4",1.7904,0.3826,0,4.0126,"2022"
2,2022-11-12,"5",0.356,0.0523,0,3.8482,"2022"
2,2022-11-12,"6",2.9048,0.0771,0,2.8073,"2022"
2,2022-11-12,"7",1.1371,0,0,5.3486,"2022"
2,2022-11-12,"8",1.5332,0.0258,0.0904,4.7338,"2022"
2,2022-11-12,"a",NA,NA,NA,NA,"2022"
3,2022-11-12,"1",0.7789,0.4414,0.0787,6.3104,"2022"
3,2022-11-12,"2",0.9656,0.0264,0,7.6333,"2022"
3,2022-11-12,"3",0.2271,0.0199,0,3.9164,"2022"
3,2022-11-12,"4",1.6131,0.0757,0.1066,2.7943,"2022"
3,2022-11-12,"5",6.7348,0.1179,0,2.9742,"2022"
3,2022-11-12,"6",1.113,0,0.2055,6.5176,"2022"
3,2022-11-12,"7",1.9507,0.0211,0,4.4751,"2022"
3,2022-11-12,"8",3.8924,0.0418,0,3.7402,"2022"
3,2022-11-12,"a",NA,NA,NA,NA,"2022"
4,2022-11-12,"1",2.2891,0,0.0772,4.2953,"2022"
4,2022-11-12,"2",0.0774,0.4043,0,5.8458,"2022"
4,2022-11-12,"3",0.8145,0.0834,0,2.5711,"2022"
4,2022-11-12,"4",1.2303,0.2432,0.2002,3.719,"2022"
4,2022-11-12,"5",1.7791,0.2133,0.2233,2.6509,"2022"
4,2022-11-12,"6",2.4743,0,0.2625,3.1588,"2022"
4,2022-11-12,"7",0.1844,0.0777,0,4.2939,"2022"
4,2022-11-12,"8",0.9901,6.1052,0.0778,3.095,"2022"
4,2022-11-12,"a",NA,NA,NA,NA,"2022"
5,2022-11-12,"1",611.9505,0.0208,0,9.9608,"2022"
5,2022-11-12,"2",3.4443,0,0.159,3.6301,"2022"
5,2022-11-12,"3",2.0156,0.3288,0,5.6145,"2022"
5,2022-11-12,"4",1.3431,0.093,0.0022,4.4368,"2022"
5,2022-11-12,"5",6.3658,5.5175,1e-04,0.7373,"2022"
5,2022-11-12,"6",3.5041,0,0.0295,8.9527,"2022"
5,2022-11-12,"7",1.0412,1.4739,0,8.6988,"2022"
5,2022-11-12,"8",7.1278,0,0,8.7548,"2022"
5,2022-11-12,"a",NA,NA,NA,NA,"2022"
6,2022-11-12,"1",9.0204,0.0464,0,5.0345,"2022"
6,2022-11-12,"2",2.049,0.1855,0,4.8149,"2022"
6,2022-11-12,"3",3.0895,0.0083,1.751,4.0078,"2022"
6,2022-11-12,"4",2.0567,2.5901,0,7.1414,"2022"
6,2022-11-12,"5",4.2809,2.1378,0.402,6.8143,"2022"
6,2022-11-12,"6",3.1066,0,0,3.7096,"2022"
6,2022-11-12,"7",0.7264,0.2503,0.6301,4.6363,"2022"
6,2022-11-12,"8",0.5308,0,0.5272,6.1788,"2022"
6,2022-11-12,"a",NA,NA,NA,NA,"2022"
1,2022-12-16,"1",6.1723,0.3056,0,6.846,"2022"
1,2022-12-16,"2",1.8767,0.3562,0,2.7074,"2022"
1,2022-12-16,"3",4.1388,1.2314,0,1.9491,"2022"
1,2022-12-16,"4",1.4585,0.2862,0,2.4465,"2022"
1,2022-12-16,"5",1.1858,5.8411,0,3.6633,"2022"
1,2022-12-16,"6",4.5232,0.6151,0.1747,10.6687,"2022"
1,2022-12-16,"7",5.0215,0.7134,0,3.6373,"2022"
1,2022-12-16,"8",2.6839,0.6025,0,3.2992,"2022"
1,2022-12-16,"a",NA,NA,NA,NA,"2022"
2,2022-12-16,"1",1.2749,1.0285,0,3.9345,"2022"
2,2022-12-16,"2",1.5368,0.0814,0,3.2927,"2022"
2,2022-12-16,"3",4.2156,1.0599,0.4879,4.1068,"2022"
2,2022-12-16,"4",2.817,0.7272,0.133,8.5812,"2022"
2,2022-12-16,"5",3.0674,0.9422,0,4.3827,"2022"
2,2022-12-16,"6",3.7407,0.8609,0.0463,5.4954,"2022"
2,2022-12-16,"7",0,0,0,0,"2022"
2,2022-12-16,"8",4.0181,0.639,0,3.6755,"2022"
2,2022-12-16,"a",NA,NA,NA,NA,"2022"
3,2022-12-16,"1",0.4399,0.3385,0,4.0761,"2022"
3,2022-12-16,"2",0.8213,0.3463,0,4.5371,"2022"
3,2022-12-16,"3",1.6559,0.8731,0.1369,4.1122,"2022"
3,2022-12-16,"4",0.529,17.7252,0,3.4084,"2022"
3,2022-12-16,"5",2.2141,0.2598,0,2.3041,"2022"
3,2022-12-16,"6",1.6498,0.8973,0,4.6931,"2022"
3,2022-12-16,"7",1.0706,0.219,0.11,5.1193,"2022"
3,2022-12-16,"8",6.637,0.9463,0,2.5316,"2022"
3,2022-12-16,"a",NA,NA,NA,NA,"2022"
4,2022-12-16,"1",1.4323,1.7816,0,2.9209,"2022"
4,2022-12-16,"2",4.9563,0.246,0,6.3816,"2022"
4,2022-12-16,"3",10.6837,0.6513,0.2312,3.9195,"2022"
4,2022-12-16,"4",0.6306,1.6182,0,1.6903,"2022"
4,2022-12-16,"5",1.0156,2.2327,0,4.8128,"2022"
4,2022-12-16,"6",4.4198,0.9833,0,2.5299,"2022"
4,2022-12-16,"7",0.9798,0.6583,0,4.0193,"2022"
4,2022-12-16,"8",0.8538,0.7053,0,3.745,"2022"
4,2022-12-16,"a",NA,NA,NA,NA,"2022"
5,2022-12-16,"1",1.701,0.1859,0,5.4266,"2022"
5,2022-12-16,"2",1.9272,0.706,0,5.1477,"2022"
5,2022-12-16,"3",0.6964,2.2483,0,4.1762,"2022"
5,2022-12-16,"4",2.16,0.344,0,2.3572,"2022"
5,2022-12-16,"5",0.6542,0.5106,0,6.2976,"2022"
5,2022-12-16,"6",3.7181,0.711,3e-04,8.3487,"2022"
5,2022-12-16,"7",2.9477,0.4517,0.0481,6.7261,"2022"
5,2022-12-16,"8",9.0414,1.3642,0,5.7876,"2022"
5,2022-12-16,"a",NA,NA,NA,NA,"2022"
6,2022-12-16,"1",1.8179,0.4651,0.1442,6.7847,"2022"
6,2022-12-16,"2",3.1194,0.8778,1.4955,12.7312,"2022"
6,2022-12-16,"3",3.5577,0.4789,0.0081,10.5308,"2022"
6,2022-12-16,"4",6.5188,0.8677,0.0076,12.7145,"2022"
6,2022-12-16,"5",8.9531,0.1249,0.0031,12.1993,"2022"
6,2022-12-16,"6",18.3219,0.8535,0.0033,11.0132,"2022"
6,2022-12-16,"7",2.072,0.3868,0.074,5.3955,"2022"
6,2022-12-16,"8",6.9134,0.977,0.3173,6.0859,"2022"
6,2022-12-16,"a",NA,NA,NA,NA,"2022"
1,2023-01-13,"1",0.7292,1.1695,0,6.5891,"2023"
1,2023-01-13,"2",1.2623,2.5541,0,4.8212,"2023"
1,2023-01-13,"3",5.3253,2.9229,0,4.3206,"2023"
1,2023-01-13,"4",1.702,3.6492,0.0038,7.5148,"2023"
1,2023-01-13,"5",0.0676,2.1073,0,5.3625,"2023"
1,2023-01-13,"6",0.9563,1.508,0,5.8774,"2023"
1,2023-01-13,"7",0,2.3456,0.1989,2.9376,"2023"
1,2023-01-13,"8",0.0484,2.6476,0.0048,3.5122,"2023"
2,2023-01-13,"1",0.3948,4.8123,0,5.0899,"2023"
2,2023-01-13,"2",2.0439,2.4784,0,5.2299,"2023"
2,2023-01-13,"3",0.4318,4.2853,0,5.1498,"2023"
2,2023-01-13,"4",2.5757,3.9049,0,5.1222,"2023"
2,2023-01-13,"5",0.7869,1.9269,0.3266,5.1078,"2023"
2,2023-01-13,"6",1.668,1.8497,0.0018,2.8853,"2023"
2,2023-01-13,"7",0.1521,9.5316,0.0032,3.4829,"2023"
2,2023-01-13,"8",2.6403,5.5859,0.0819,7.5497,"2023"
3,2023-01-13,"1",8.1516,2.7511,0,24.2449,"2023"
3,2023-01-13,"2",0.6679,4.5942,0.0888,8.8775,"2023"
3,2023-01-13,"3",0.5944,5.475,0,5.2711,"2023"
3,2023-01-13,"4",5.3018,2.7768,0,5.0188,"2023"
3,2023-01-13,"5",1.3712,1.3911,0.1885,10.2141,"2023"
3,2023-01-13,"6",0.4656,2.7824,0.0011,10.713,"2023"
3,2023-01-13,"7",2.3527,3.2379,0,12.4191,"2023"
3,2023-01-13,"8",0.8168,0.9796,0.0044,9.1611,"2023"
4,2023-01-13,"1",0.5178,5.7262,0,3.6708,"2023"
4,2023-01-13,"2",0.0791,2.6092,0,3.2614,"2023"
4,2023-01-13,"3",0.1724,4.0292,0,5.5567,"2023"
4,2023-01-13,"4",0.4285,6.156,0,4.937,"2023"
4,2023-01-13,"5",16.8986,1.9984,0,4.1748,"2023"
4,2023-01-13,"6",1.1058,3.9709,0,3.8945,"2023"
4,2023-01-13,"7",1.4875,1.8981,0,4.7586,"2023"
4,2023-01-13,"8",2.2359,3.4943,0,3.6753,"2023"
5,2023-01-13,"1",0.8143,1.6941,0.4321,11.3706,"2023"
5,2023-01-13,"2",0.693,2.0835,0,4.7276,"2023"
5,2023-01-13,"3",1.3802,4.0098,0.1661,4.8169,"2023"
5,2023-01-13,"4",1.3959,1.9584,0,5.2032,"2023"
5,2023-01-13,"5",3.9065,4.2491,0.0335,14.3536,"2023"
5,2023-01-13,"6",0.3582,3.4627,0.2251,8.4923,"2023"
5,2023-01-13,"7",0.4879,3.8466,0,11.8193,"2023"
5,2023-01-13,"8",0.4054,2.2248,0.213,14.7971,"2023"
6,2023-01-13,"1",7.0838,0.6173,2.5825,9.1501,"2023"
6,2023-01-13,"2",9.3946,0.3297,0.1244,7.9902,"2023"
6,2023-01-13,"3",14.9358,1.8978,0.3132,9.7741,"2023"
6,2023-01-13,"4",12.206,0.8304,2.423,7.7453,"2023"
6,2023-01-13,"5",4.6896,0.673,0.1484,7.5731,"2023"
6,2023-01-13,"6",1.2328,0.1326,6.5122,6.7113,"2023"
6,2023-01-13,"7",3.6845,1.852,0.111,6.7329,"2023"
6,2023-01-13,"8",7.5513,0.5019,0.0032,5.0255,"2023"
1,2023-02-11,"1",0.19,2.121,0.045,10.972,"2023"
1,2023-02-11,"2",0.364,0.536,0,9.347,"2023"
1,2023-02-11,"3",0.5,1.194,0.016,9.673,"2023"
1,2023-02-11,"4",0.452,2.226,0.035,8.143,"2023"
1,2023-02-11,"5",0.247,2.404,0,8.453,"2023"
1,2023-02-11,"6",0.437,0.489,0,7.546,"2023"
1,2023-02-11,"7",0.667,0.879,0.013,7.344,"2023"
1,2023-02-11,"8",0.245,2.833,0,7.609,"2023"
2,2023-02-11,"1",0.053,2.632,0,9.644,"2023"
2,2023-02-11,"2",2.37,3.731,0,10.771,"2023"
2,2023-02-11,"3",0.476,0.942,0.001,8.214,"2023"
2,2023-02-11,"4",0.174,1.231,0.006,8.369,"2023"
2,2023-02-11,"5",0.518,2.081,0,9.696,"2023"
2,2023-02-11,"6",0.908,1.998,0.008,9.027,"2023"
2,2023-02-11,"7",0.239,4.197,0,4.123,"2023"
2,2023-02-11,"8",0.461,2.14,0,6.938,"2023"
3,2023-02-11,"1",0.422,0.881,0.051,9.308,"2023"
3,2023-02-11,"2",0.273,0.816,0.003,8.843,"2023"
3,2023-02-11,"3",0.203,1.172,0,9.82,"2023"
3,2023-02-11,"4",0.083,0.754,0.042,6.468,"2023"
3,2023-02-11,"5",1.053,0.975,0,10.429,"2023"
3,2023-02-11,"6",1.635,1.12,0.009,12.48,"2023"
3,2023-02-11,"7",0.12,5.982,0,11.983,"2023"
3,2023-02-11,"8",0.666,4.289,0.065,9.982,"2023"
4,2023-02-11,"1",0.112,0.206,0,4.011,"2023"
4,2023-02-11,"2",0.386,1.213,0.004,2.547,"2023"
4,2023-02-11,"3",0.324,0.515,0.221,4.483,"2023"
4,2023-02-11,"4",0.193,1.729,0.006,2.21,"2023"
4,2023-02-11,"5",0.354,5.297,0,2.41,"2023"
4,2023-02-11,"6",0.213,1.102,0.006,3.547,"2023"
4,2023-02-11,"7",0.284,4.345,0.013,0.774,"2023"
4,2023-02-11,"8",0.123,0.871,0,3.157,"2023"
5,2023-02-11,"1",2.084,6.199,0.842,9.162,"2023"
5,2023-02-11,"2",0.014,0.943,1.135,5.038,"2023"
5,2023-02-11,"3",0.181,1.462,0,5.419,"2023"
5,2023-02-11,"4",0.648,16.383,0.06,7.062,"2023"
5,2023-02-11,"5",0.513,1.919,0.005,6.918,"2023"
5,2023-02-11,"6",0.094,4.316,0,8.324,"2023"
5,2023-02-11,"7",0.389,8.114,0.022,6.773,"2023"
5,2023-02-11,"8",4.041,0.478,0.07,10.206,"2023"
6,2023-02-11,"1",0.634,0.148,0.048,6.575,"2023"
6,2023-02-11,"2",2.226,1.323,0.003,6.005,"2023"
6,2023-02-11,"3",0.498,2.201,0.011,3.527,"2023"
6,2023-02-11,"4",2.839,1.137,0.254,5.87,"2023"
6,2023-02-11,"5",0.69,0.154,0.025,3.982,"2023"
6,2023-02-11,"6",0.654,0,0.004,5.573,"2023"
6,2023-02-11,"7",0.938,0.298,0,4.229,"2023"
6,2023-02-11,"8",0.544,0.38,0.011,4.1,"2023"
1,2023-03-12,"1",2.1657,6.042,0.0049,13.7488,"2023"
1,2023-03-12,"2",5.9446,0.3391,0,10.0668,"2023"
1,2023-03-12,"3",8.4651,1.7979,0.0087,9.2366,"2023"
1,2023-03-12,"4",1.6858,10.9712,0.1154,12.3522,"2023"
1,2023-03-12,"5",1.5414,5.6965,0,18.1483,"2023"
1,2023-03-12,"6",1.2646,2.7752,0.0044,14.0734,"2023"
1,2023-03-12,"7",0.9133,1.5042,0.0063,16.1851,"2023"
1,2023-03-12,"8",29.2328,5.4962,0,19.7143,"2023"
2,2023-03-12,"1",4.0951,2.1593,0,13.5857,"2023"
2,2023-03-12,"2",1.5354,1.5372,0,14.3715,"2023"
2,2023-03-12,"3",1.1825,12.6694,0,8.9461,"2023"
2,2023-03-12,"4",0.7114,3.3865,0,12.8753,"2023"
2,2023-03-12,"5",0.9429,2.6045,0.0897,14.3942,"2023"
2,2023-03-12,"6",3.7742,2.1165,0,11.0771,"2023"
2,2023-03-12,"7",1.7474,0.3313,0.0738,7.8662,"2023"
2,2023-03-12,"8",1.2218,3.1692,0,9.2474,"2023"
3,2023-03-12,"1",1.008,1.7147,0.0176,11.3671,"2023"
3,2023-03-12,"2",1.2121,0.0234,0.0046,11.1283,"2023"
3,2023-03-12,"3",0.4009,1.1551,6e-04,10.9941,"2023"
3,2023-03-12,"4",NA,NA,NA,NA,"2023"
3,2023-03-12,"5",0.6387,0.6612,0.0022,9.9366,"2023"
3,2023-03-12,"6",1.9319,44.6531,0.0039,10.2439,"2023"
3,2023-03-12,"7",40.6974,1.1504,0,8.0521,"2023"
3,2023-03-12,"8",2.9692,4.776,0.2097,7.1507,"2023"
4,2023-03-12,"1",0.5199,0.4696,0.0016,8.703,"2023"
4,2023-03-12,"2",0.9084,0.425,0,8.5782,"2023"
4,2023-03-12,"3",1.3408,4.7544,0.6001,11.3668,"2023"
4,2023-03-12,"4",0.8219,1.5868,0.0989,10.6313,"2023"
4,2023-03-12,"5",0.4585,6.3754,0,12.7832,"2023"
4,2023-03-12,"6",0.2286,1.6759,0.0014,13.2367,"2023"
4,2023-03-12,"7",2.2051,7.6941,0.0069,9.9986,"2023"
4,2023-03-12,"8",3.0865,0.3303,0.0101,12.6877,"2023"
5,2023-03-12,"1",1.3643,7.547,0.2605,11.6554,"2023"
5,2023-03-12,"2",4.3436,0.5532,1.2832,20.4957,"2023"
5,2023-03-12,"3",0.673,1.5347,0.0011,13.2225,"2023"
5,2023-03-12,"4",0.9053,11.5826,0.129,10.9283,"2023"
5,2023-03-12,"5",0.4148,6.5907,0.1279,17.1862,"2023"
5,2023-03-12,"6",4.4669,4.3543,0.0043,16.1231,"2023"
5,2023-03-12,"7",2.4777,0.3338,0.0059,9.0219,"2023"
5,2023-03-12,"8",2.8008,1.6279,0.0689,11.4071,"2023"
6,2023-03-12,"1",3.2892,6.2508,0.049,7.0816,"2023"
6,2023-03-12,"2",4.2329,0.5927,0.0098,5.1355,"2023"
6,2023-03-12,"3",1.6772,1.3768,0.0651,4.652,"2023"
6,2023-03-12,"4",5.7186,0.7961,0.0729,7.0315,"2023"
6,2023-03-12,"5",8.7537,0.2106,0.1498,4.4948,"2023"
6,2023-03-12,"6",3.2933,0.4029,0.2234,5.771,"2023"
6,2023-03-12,"7",3.5467,1.4534,0,2.7848,"2023"
6,2023-03-12,"8",1.8513,0,0,5.7173,"2023"
1,2023-04-17,"1",0.308,0.093,0,3.131,"2023"
1,2023-04-17,"2",0.485,3.173,0,2.195,"2023"
1,2023-04-17,"3",0.12,21.844,0,0.359,"2023"
1,2023-04-17,"4",1.323,62.977,0,0.641,"2023"
1,2023-04-17,"5",0.439,9.988,0,2.252,"2023"
1,2023-04-17,"6",1.878,7.066,0,1.469,"2023"
1,2023-04-17,"7",1.174,0.781,0,3.447,"2023"
1,2023-04-17,"8",8.434,2.865,0,7.34,"2023"
2,2023-04-17,"1",0.368,5.313,0,0.954,"2023"
2,2023-04-17,"2",2.098,3.503,0,2.657,"2023"
2,2023-04-17,"3",0.492,1.521,0,5.05,"2023"
2,2023-04-17,"4",0.459,0.715,0,3.701,"2023"
2,2023-04-17,"5",1.077,0.961,0,4.87,"2023"
2,2023-04-17,"6",1.476,0.988,0,3.003,"2023"
2,2023-04-17,"7",0.647,0.731,0.07,3.5,"2023"
2,2023-04-17,"8",0.236,1.475,0,1.991,"2023"
3,2023-04-17,"1",0.486,4.862,0.189,1.421,"2023"
3,2023-04-17,"2",0.278,1.309,0.094,2.568,"2023"
3,2023-04-17,"3",0.195,0.138,0,0.95,"2023"
3,2023-04-17,"4",0.598,2.256,0,2.306,"2023"
3,2023-04-17,"5",2.567,1.17,0,8.898,"2023"
3,2023-04-17,"6",0.141,0.995,0,1.726,"2023"
3,2023-04-17,"7",2.497,2.402,0,3.438,"2023"
3,2023-04-17,"8",0.654,0.269,0,2.034,"2023"
4,2023-04-17,"1",0.024,0.122,0,3.363,"2023"
4,2023-04-17,"2",0.436,0.284,0,4.928,"2023"
4,2023-04-17,"3",0.255,1.58,0,4.514,"2023"
4,2023-04-17,"4",0.195,0.828,0,4.888,"2023"
4,2023-04-17,"5",0.289,0.289,0,2.653,"2023"
4,2023-04-17,"6",5.626,0.5,0.004,6.238,"2023"
4,2023-04-17,"7",0.121,1.439,0,2.702,"2023"
4,2023-04-17,"8",0.51,0.04,0.016,3.38,"2023"
5,2023-04-17,"1",NA,NA,NA,NA,"2023"
5,2023-04-17,"2",0.223,0.06,0,4.487,"2023"
5,2023-04-17,"3",0.476,6.007,0,2.243,"2023"
5,2023-04-17,"4",0.867,0.088,0,0.614,"2023"
5,2023-04-17,"5",1.091,4.411,0,2.707,"2023"
5,2023-04-17,"6",0.767,0.471,0,3.97,"2023"
5,2023-04-17,"7",0.725,10.967,0,2.59,"2023"
5,2023-04-17,"8",0.735,5.971,0,5.532,"2023"
6,2023-04-17,"1",1.644,2.295,0,1.947,"2023"
6,2023-04-17,"2",1.435,0.366,0,0.318,"2023"
6,2023-04-17,"3",0.679,1.055,0.001,1.761,"2023"
6,2023-04-17,"4",0.278,20.086,0,1.054,"2023"
6,2023-04-17,"5",0.816,3.294,0.003,3.006,"2023"
6,2023-04-17,"6",0.915,1.171,0,3.431,"2023"
6,2023-04-17,"7",0.171,0,0,0.779,"2023"
6,2023-04-17,"8",0.17,0.064,0.072,0.193,"2023"
1,2023-06-09,"1",0.824,0.261,0,2.795,"2023"
1,2023-06-09,"2",0.572,0.42,0,4.129,"2023"
1,2023-06-09,"3",0.56,0,0,3.895,"2023"
1,2023-06-09,"4",0.095,0.122,0,4.81,"2023"
1,2023-06-09,"5",1.554,1.322,0,5.738,"2023"
1,2023-06-09,"6",0.441,0.063,0.225,5.517,"2023"
1,2023-06-09,"7",0.135,2.662,0.049,6.137,"2023"
1,2023-06-09,"8",1.137,0,0.01,2.717,"2023"
2,2023-06-09,"1",1.36,0.07,0.065,4.872,"2023"
2,2023-06-09,"2",4.356,0.147,0,5.533,"2023"
2,2023-06-09,"3",2.505,2.701,0.117,4.276,"2023"
2,2023-06-09,"4",0.222,0.191,0,4.06,"2023"
2,2023-06-09,"5",1.432,0.285,0,5.16,"2023"
2,2023-06-09,"6",0.497,0,0,4.165,"2023"
2,2023-06-09,"7",0.577,0.767,0,6.774,"2023"
2,2023-06-09,"8",4.74,0,0,3.927,"2023"
3,2023-06-09,"1",0.367,0.043,0,3.28,"2023"
3,2023-06-09,"2",2.659,0.047,0,1.735,"2023"
3,2023-06-09,"3",0.515,0.597,0,1.358,"2023"
3,2023-06-09,"4",2.028,1.64,0.034,6.107,"2023"
3,2023-06-09,"5",0.126,0.492,0,2.486,"2023"
3,2023-06-09,"6",24.534,0.424,0,3.082,"2023"
3,2023-06-09,"7",0.299,0,0.192,2.638,"2023"
3,2023-06-09,"8",0.599,0.003,0,1.461,"2023"
4,2023-06-09,"1",0.255,2.598,0,3.162,"2023"
4,2023-06-09,"2",0.199,0.008,0,2.721,"2023"
4,2023-06-09,"3",0.566,0,0,2.852,"2023"
4,2023-06-09,"4",1.448,0.716,0,4.292,"2023"
4,2023-06-09,"5",1.736,0.094,0.06,2.166,"2023"
4,2023-06-09,"6",0.601,0.019,0.01,4.492,"2023"
4,2023-06-09,"7",0.282,1.572,0,2.016,"2023"
4,2023-06-09,"8",0.238,0.057,0.003,3.973,"2023"
5,2023-06-09,"1",0.579,0.032,0.087,2.409,"2023"
5,2023-06-09,"2",0.764,0,0,6.126,"2023"
5,2023-06-09,"3",0.11,0.023,0.003,1.011,"2023"
5,2023-06-09,"4",0.851,0.86,0.002,3.022,"2023"
5,2023-06-09,"5",0.951,0.032,0.012,0.975,"2023"
5,2023-06-09,"6",0.791,0.011,0.027,2.582,"2023"
5,2023-06-09,"7",0.988,0.539,0,2.078,"2023"
5,2023-06-09,"8",1.502,0.142,0.03,3.068,"2023"
6,2023-06-09,"1",7.596,0.804,0.022,3.851,"2023"
6,2023-06-09,"2",0.103,0.021,0.008,3.261,"2023"
6,2023-06-09,"3",1.117,0.294,0.034,1.544,"2023"
6,2023-06-09,"4",14.972,0.5,0.011,3.345,"2023"
6,2023-06-09,"5",0.648,0,0,2.887,"2023"
6,2023-06-09,"6",0.229,0,0.182,1.765,"2023"
6,2023-06-09,"7",0.008,0,0,0.473,"2023"
6,2023-06-09,"8",0.538,0.031,0,1.434,"2023"
1,2023-08-24,"1",0.594,7.029,0.305,7.377,"2023"
1,2023-08-24,"2",3.817,0.725,0,4.666,"2023"
1,2023-08-24,"3",0.308,0.16,0.25,7.43,"2023"
1,2023-08-24,"4",0.66,2.18,0.586,11.082,"2023"
1,2023-08-24,"5",0.588,0,0,10.311,"2023"
1,2023-08-24,"6",0.843,9.105,0.404,6.951,"2023"
1,2023-08-24,"7",0.162,0.15,0.32,10.646,"2023"
1,2023-08-24,"8",0.583,0.121,0.38,6.84,"2023"
2,2023-08-24,"1",0.932,0.188,0,3.319,"2023"
2,2023-08-24,"2",2.221,0.22,0,4.537,"2023"
2,2023-08-24,"3",2.076,0.248,0,6.319,"2023"
2,2023-08-24,"4",0.305,1.031,0,4.117,"2023"
2,2023-08-24,"5",0.641,0.094,0,9.387,"2023"
2,2023-08-24,"6",0.232,0.294,0,6.42,"2023"
2,2023-08-24,"7",0.191,0.315,0,10.984,"2023"
2,2023-08-24,"8",0.474,0.098,0,6.925,"2023"
3,2023-08-24,"1",0.029,0.187,0,4.083,"2023"
3,2023-08-24,"2",0.134,0.033,0.02,5.79,"2023"
3,2023-08-24,"3",0.133,0.195,0,2.952,"2023"
3,2023-08-24,"4",4.355,0.201,0,4.647,"2023"
3,2023-08-24,"5",1.262,0.011,0,8.032,"2023"
3,2023-08-24,"6",0.761,0.233,0,7.677,"2023"
3,2023-08-24,"7",1.676,0.231,0,4.138,"2023"
3,2023-08-24,"8",0.013,0.112,0,5.872,"2023"
4,2023-08-24,"1",0.962,0,0,14.238,"2023"
4,2023-08-24,"2",10.619,0.021,0,14.137,"2023"
4,2023-08-24,"3",0,0,0,9.032,"2023"
4,2023-08-24,"4",0.881,0,0,10.961,"2023"
4,2023-08-24,"5",0.367,0.077,0,6.68,"2023"
4,2023-08-24,"6",0.256,0.733,0,7.662,"2023"
4,2023-08-24,"7",0,0,0,11.36,"2023"
4,2023-08-24,"8",1.071,0.112,0.006,5.83,"2023"
5,2023-08-24,"1",3.302,0.05,0.29,5.24,"2023"
5,2023-08-24,"2",5.355,0.129,0.669,6.854,"2023"
5,2023-08-24,"3",0.783,0,0.007,5.16,"2023"
5,2023-08-24,"4",5.871,3.889,0.166,4.284,"2023"
5,2023-08-24,"5",20.038,9.555,0,4.785,"2023"
5,2023-08-24,"6",0.571,0.117,0.027,6.085,"2023"
5,2023-08-24,"7",0.667,0.011,0.142,5.855,"2023"
5,2023-08-24,"8",0.48,0.113,0,6.484,"2023"
6,2023-08-24,"1",2.392,0.152,0.155,9.725,"2023"
6,2023-08-24,"2",0.725,0.054,0.046,6.679,"2023"
6,2023-08-24,"3",0.872,5.168,0,5.372,"2023"
6,2023-08-24,"4",0.75,0.045,0.606,13.912,"2023"
6,2023-08-24,"5",3.876,0.109,0.083,8.697,"2023"
6,2023-08-24,"6",0.704,14.358,0.21,5.721,"2023"
6,2023-08-24,"7",0.405,0.685,0,9.675,"2023"
6,2023-08-24,"8",2.351,0.729,0,11.858,"2023"
1,2023-09-11,"1",0.32,0.054,0.237,2.797,"2023"
1,2023-09-11,"2",0.051,1.073,0,2.549,"2023"
1,2023-09-11,"3",0.25,0.013,0.337,2.708,"2023"
1,2023-09-11,"4",0.039,0,0.376,0.637,"2023"
1,2023-09-11,"5",0.366,0.012,0.047,1.59,"2023"
1,2023-09-11,"6",0.438,0,0.351,2.659,"2023"
1,2023-09-11,"7",0.012,1.317,0.252,0.133,"2023"
1,2023-09-11,"8",0.153,0.035,0.106,3.54,"2023"
2,2023-09-11,"1",0.258,0,0,0.921,"2023"
2,2023-09-11,"2",0.06,3.519,0,1.935,"2023"
2,2023-09-11,"3",0,0,0,1.065,"2023"
2,2023-09-11,"4",0.039,0.043,0,1.454,"2023"
2,2023-09-11,"5",0.276,0.121,0,1.472,"2023"
2,2023-09-11,"6",0.091,0,0,2.58,"2023"
2,2023-09-11,"7",0.03,0.155,0,1.218,"2023"
2,2023-09-11,"8",0.057,0.053,0,2.569,"2023"
3,2023-09-11,"1",0.014,0.015,0,3.057,"2023"
3,2023-09-11,"2",0.465,0.25,0,0.58,"2023"
3,2023-09-11,"3",0,0.014,0,0.605,"2023"
3,2023-09-11,"4",0,12.327,0,0.997,"2023"
3,2023-09-11,"5",0,0,0,2.087,"2023"
3,2023-09-11,"6",0.022,0.035,0.077,1.248,"2023"
3,2023-09-11,"7",0,2.124,0,1.459,"2023"
3,2023-09-11,"8",0.042,0.073,0,1.122,"2023"
4,2023-09-11,"1",0.182,0,0,0.975,"2023"
4,2023-09-11,"2",0,0,0,0.252,"2023"
4,2023-09-11,"3",0.048,0,0,1.243,"2023"
4,2023-09-11,"4",0.013,0,0,1.39,"2023"
4,2023-09-11,"5",1.648,0,0,2.817,"2023"
4,2023-09-11,"6",0.112,0.016,0,1.798,"2023"
4,2023-09-11,"7",0.088,0,0,1.773,"2023"
4,2023-09-11,"8",4.816,0,0,0.973,"2023"
5,2023-09-11,"1",0.469,0.762,0,0.875,"2023"
5,2023-09-11,"2",0.038,0.042,0.032,1.887,"2023"
5,2023-09-11,"3",0,0.007,0,1.044,"2023"
5,2023-09-11,"4",0.041,0,0,1.44,"2023"
5,2023-09-11,"5",0.021,0.072,0,0.553,"2023"
5,2023-09-11,"6",0.029,4.772,0,2.508,"2023"
5,2023-09-11,"7",0,0,0,2.293,"2023"
5,2023-09-11,"8",0.143,0.299,0.258,1.105,"2023"
6,2023-09-11,"1",0.028,0,0,0.797,"2023"
6,2023-09-11,"2",0.113,0.974,0,0.739,"2023"
6,2023-09-11,"3",0.38,0.418,0.123,2.161,"2023"
6,2023-09-11,"4",0.25,0.201,0,0.445,"2023"
6,2023-09-11,"5",0.249,0,0.008,2.253,"2023"
6,2023-09-11,"6",0.751,1.782,0.305,1.96,"2023"
6,2023-09-11,"7",0.092,0.002,0,2.029,"2023"
6,2023-09-11,"8",0.085,1.575,0,1.744,"2023"
1,2023-10-16,"1",1.93,0.519,0,24.764,"2023"
1,2023-10-16,"2",1.217,0.185,0,21.567,"2023"
1,2023-10-16,"3",1.928,0.078,0,22.83,"2023"
1,2023-10-16,"4",0.437,0.597,0,21.904,"2023"
1,2023-10-16,"5",0.782,0.012,0.038,20.122,"2023"
1,2023-10-16,"6",0.19,0.716,0,18.995,"2023"
1,2023-10-16,"7",0.84,0,0,17.098,"2023"
1,2023-10-16,"8",1.556,0,0.053,22.854,"2023"
2,2023-10-16,"1",0.168,0,0,19.611,"2023"
2,2023-10-16,"2",1.423,0.018,0.069,21.396,"2023"
2,2023-10-16,"3",1.007,0,0,29.039,"2023"
2,2023-10-16,"4",2.982,0.087,0,16.299,"2023"
2,2023-10-16,"5",0.87,10.248,0,15.856,"2023"
2,2023-10-16,"6",3.111,0.187,0,17.974,"2023"
2,2023-10-16,"7",0.441,6.751,0,19.506,"2023"
2,2023-10-16,"8",1.971,0,0,25.996,"2023"
3,2023-10-16,"1",0.872,0,0,18.92,"2023"
3,2023-10-16,"2",0.032,1.433,0,20.923,"2023"
3,2023-10-16,"3",0.407,0.019,0,20.019,"2023"
3,2023-10-16,"4",0.025,0.181,0.107,21.298,"2023"
3,2023-10-16,"5",0.47,0,0.057,24.705,"2023"
3,2023-10-16,"6",0.834,0,0,19.581,"2023"
3,2023-10-16,"7",0.409,0,0,14.607,"2023"
3,2023-10-16,"8",0.841,0.015,0,18.142,"2023"
4,2023-10-16,"1",1.788,0.092,0,11.275,"2023"
4,2023-10-16,"2",0.859,0,0,15.426,"2023"
4,2023-10-16,"3",1.889,0,0,19.014,"2023"
4,2023-10-16,"4",0.928,0,0,13.99,"2023"
4,2023-10-16,"5",2.775,0.05,0,14.852,"2023"
4,2023-10-16,"6",1.756,0.584,0,14.184,"2023"
4,2023-10-16,"7",0.255,0,0,13.217,"2023"
4,2023-10-16,"8",2.925,0.016,0.016,13.976,"2023"
5,2023-10-16,"1",0.406,0.18,0,17.387,"2023"
5,2023-10-16,"2",0.032,0,1.609,23.024,"2023"
5,2023-10-16,"3",0,15.068,0,19.574,"2023"
5,2023-10-16,"4",1.537,1.577,0,17.31,"2023"
5,2023-10-16,"5",1.225,0.141,0,22.714,"2023"
5,2023-10-16,"6",0.564,0,0,29.386,"2023"
5,2023-10-16,"7",3.225,0.186,0,28.131,"2023"
5,2023-10-16,"8",1.148,0.546,0.03,24.558,"2023"
6,2023-10-16,"1",9.107,16.295,0.408,51.933,"2023"
6,2023-10-16,"2",2.633,0.77,0,41.586,"2023"
6,2023-10-16,"3",0.773,1.296,2.806,38.689,"2023"
6,2023-10-16,"4",2.136,0,0,42.957,"2023"
6,2023-10-16,"5",2.672,3.879,0,44.689,"2023"
6,2023-10-16,"6",1.345,0,0,39.227,"2023"
6,2023-10-16,"7",1.166,0.793,0,46.143,"2023"
6,2023-10-16,"8",0.794,0,0,48.734,"2023"
1,2023-11-23,"1",5.456,0,0,3.553,"2023"
1,2023-11-23,"2",0.563,0.052,0,3.32,"2023"
1,2023-11-23,"3",5.469,0.12,0,3.917,"2023"
1,2023-11-23,"4",1.481,6.225,0.033,5.993,"2023"
1,2023-11-23,"5",1.008,0,0,4.186,"2023"
1,2023-11-23,"6",4.971,0.032,0.013,2.723,"2023"
1,2023-11-23,"7",1.811,0.012,0.007,5.613,"2023"
1,2023-11-23,"8",2.332,5.525,0.017,6.308,"2023"
2,2023-11-23,"1",1.483,0.063,0,7.686,"2023"
2,2023-11-23,"2",1.369,0,0.021,7.749,"2023"
2,2023-11-23,"3",2.201,1.449,0.028,9.461,"2023"
2,2023-11-23,"4",1.804,0.226,0,4.785,"2023"
2,2023-11-23,"5",3.545,0.105,0,7.004,"2023"
2,2023-11-23,"6",1.443,0.033,0.011,5.982,"2023"
2,2023-11-23,"7",4.35,0.178,0.013,6.122,"2023"
2,2023-11-23,"8",0.733,0.018,0,7.352,"2023"
3,2023-11-23,"1",4.782,0,0,6.936,"2023"
3,2023-11-23,"2",2.835,0,0.034,7.895,"2023"
3,2023-11-23,"3",1.338,0.115,0.012,7.647,"2023"
3,2023-11-23,"4",1.291,0.455,0.004,9.547,"2023"
3,2023-11-23,"5",0.515,0,0,8.347,"2023"
3,2023-11-23,"6",5.55,0,0.006,10.817,"2023"
3,2023-11-23,"7",3.443,0.54,0,11.243,"2023"
3,2023-11-23,"8",2.361,0.078,0,8.663,"2023"
4,2023-11-23,"1",1.185,0.083,0.024,7.221,"2023"
4,2023-11-23,"2",0.538,21.844,0.01,5.995,"2023"
4,2023-11-23,"3",1.827,0.032,0,10.425,"2023"
4,2023-11-23,"4",1.345,0.404,0,6.476,"2023"
4,2023-11-23,"5",3.071,0.179,0.004,7.374,"2023"
4,2023-11-23,"6",1.452,0.234,0.022,5.43,"2023"
4,2023-11-23,"7",1.447,0.013,0.031,5.015,"2023"
4,2023-11-23,"8",8.965,0,0.059,6.48,"2023"
5,2023-11-23,"1",5.235,0.081,0.14,8.346,"2023"
5,2023-11-23,"2",4.418,0,0.198,9.449,"2023"
5,2023-11-23,"3",2.169,1.937,0,8.961,"2023"
5,2023-11-23,"4",3.235,0.046,0.034,6.023,"2023"
5,2023-11-23,"5",3.297,0.061,0.016,6.988,"2023"
5,2023-11-23,"6",6.004,0.18,0,10.73,"2023"
5,2023-11-23,"7",7.815,0.086,0.026,7.546,"2023"
5,2023-11-23,"8",4.872,0.101,0.009,10.895,"2023"
6,2023-11-23,"1",2.37,0.77,0.068,5.179,"2023"
6,2023-11-23,"2",2.527,0.769,0.044,5.161,"2023"
6,2023-11-23,"3",0,0,0.01,0.088,"2023"
6,2023-11-23,"4",1.791,0.041,0.042,6.059,"2023"
6,2023-11-23,"5",2.175,0,0.006,4.174,"2023"
6,2023-11-23,"6",2.121,1.252,1.194,4.553,"2023"
6,2023-11-23,"7",0.418,0.261,0,6.619,"2023"
6,2023-11-23,"8",7.6,0.133,0.003,2.978,"2023"
1,2023-12-17,"1",3.519,0.315,0,5.846,"2023"
1,2023-12-17,"2",1.723,0.104,0,5.277,"2023"
1,2023-12-17,"3",5.979,2.052,0.053,4.811,"2023"
1,2023-12-17,"4",4.313,0.643,0,6.278,"2023"
1,2023-12-17,"5",1.44,0.234,0.028,7.573,"2023"
1,2023-12-17,"6",4.774,1.414,0,7.311,"2023"
1,2023-12-17,"7",7.503,0.241,0.061,5.691,"2023"
1,2023-12-17,"8",3.405,0.775,0,10.06,"2023"
2,2023-12-17,"1",4.496,0.417,0.292,8.475,"2023"
2,2023-12-17,"2",3.907,0.334,0,8.34,"2023"
2,2023-12-17,"3",2.99,0.698,0.071,9.577,"2023"
2,2023-12-17,"4",9.081,0.096,0,7.572,"2023"
2,2023-12-17,"5",7.536,0.432,0,7.496,"2023"
2,2023-12-17,"6",6.879,0.258,0,5.021,"2023"
2,2023-12-17,"7",5.981,1.032,0.064,6.863,"2023"
2,2023-12-17,"8",3.027,0.226,0,6.682,"2023"
3,2023-12-17,"1",9.592,0.584,0,7.48,"2023"
3,2023-12-17,"2",1.476,0.4,0,7.338,"2023"
3,2023-12-17,"3",0.365,0.16,0,7.768,"2023"
3,2023-12-17,"4",1.079,0.226,0,6.363,"2023"
3,2023-12-17,"5",3.503,1.552,0,5.618,"2023"
3,2023-12-17,"6",0.981,0.121,0,10.807,"2023"
3,2023-12-17,"7",4.172,0.509,0,7.818,"2023"
3,2023-12-17,"8",2.852,1.091,0.355,9.365,"2023"
4,2023-12-17,"1",3.042,0.418,0,7.926,"2023"
4,2023-12-17,"2",3.806,0.465,0,6.327,"2023"
4,2023-12-17,"3",2.116,1.269,0.2,7.643,"2023"
4,2023-12-17,"4",21.88,1.214,0,7.343,"2023"
4,2023-12-17,"5",3.124,0.474,0,7.845,"2023"
4,2023-12-17,"6",4.223,8.632,0.007,10.794,"2023"
4,2023-12-17,"7",2.548,0.267,0,6.671,"2023"
4,2023-12-17,"8",2.24,0.208,0.021,7.11,"2023"
5,2023-12-17,"1",10.404,0.7,0.356,7.725,"2023"
5,2023-12-17,"2",6.026,0.036,0.017,11.501,"2023"
5,2023-12-17,"3",15.446,5.716,0,5.474,"2023"
5,2023-12-17,"4",14.99,0.746,0.048,7.925,"2023"
5,2023-12-17,"5",2.339,0.149,0,8.516,"2023"
5,2023-12-17,"6",4.762,3.476,0.635,7.984,"2023"
5,2023-12-17,"7",4.089,0.789,0,14.588,"2023"
5,2023-12-17,"8",7.694,4.153,0.056,13.06,"2023"
6,2023-12-17,"1",3.209,4.798,0,6.813,"2023"
6,2023-12-17,"2",4.116,0.161,0,5.405,"2023"
6,2023-12-17,"3",1.294,8.139,0,3.747,"2023"
6,2023-12-17,"4",6.261,0.187,0.048,5.214,"2023"
6,2023-12-17,"5",4.55,3.141,0.022,7.188,"2023"
6,2023-12-17,"6",3.388,5.62,0,5.204,"2023"
6,2023-12-17,"7",2.971,0.305,0,5.972,"2023"
6,2023-12-17,"8",2.741,0.624,0,7.231,"2023"
